name,tariff
تلویزیون سامسونگ 55 اینچ,5000000
یخچال ال جی,8000000
ماشین لباسشویی بوش,6500000
کولر گازی اسپلیت,4500000
اجاق گاز فردار,3000000
جاروبرقی,1500000
مایکروویو,2000000
ماشین ظرفشویی,7000000
پنکه سقفی,800000
پلوپز,600000
تلویزیون ال جی 65 اینچ,7500000
یخچال ساید بای ساید سامسونگ,12000000
ماشین لباسشویی ال جی,5800000
اتو بخار فیلیپس,900000
سشوار پاناسونیک,750000
قهوه ساز دلونگی,2500000
توستر برقی,700000
آبمیوه گیری,1200000
چرخ گوشت,1800000
پنکه رومیزی,400000
لپ تاپ ایسوس,25000000
گوشی موبایل سامسونگ,18000000
تبلت آیپد,15000000
هدفون بی سیم,3500000
دوربین عکاسی کانن,9000000 