name,tariff_code,index
ـ ـ ـ مواد تعاون نساجی,34029040,156
ـ واکس­ها، کرمها و فرآوردههاي همانند براي کفش یا چرم,34051000,167
ـ ـ ـ سایر لباس و متفرعات لباس از مواد پالستیكی,39262090,185
--- لباس به صورت دست، مخصوص موتورسواري داراي محافظ آرنج و شانه,42031010,199
ـ سایر منضمات لباس,42034000,204
پارچههاي تار و پود باف از موي زبر حیوان یا ازموي یال و دم.,51130000,226
ـ ـ سایر پارچهها,52081900,230
ـ ـ سایر پارچهها,52083900,231
--- پارچههاي دستباف,52084210,233
ـ ـ ـ  سایر پارچه هاي ساده بافت,52084290,234
ـ ـ سایر پارچه­ها,52084900,235
ـ ـ سایر پارچهها,52085900,238
ـ ـ سایر پارچهها,52091900,241
ـ ـ سایر پارچهها,52092900,244
ـ ـ سایر پارچهها,52093900,247
ـ ـ پارچههاي موسوم به «دنیم )Denim(»,52094200,249
ـ ـ سایر پارچههاي سه نخ یا چهارنخ جناغیباف، همچنین جناغی مورب باف,52094300,250
ـ ـ سایر پارچهها,52094900,251
ـ ـ سایر پارچهها,52095900,254
ـ ـ سایر پارچهها,52101900,256
ـ ـ سایر پارچهها,52102900,258
ـ ـ سایر پارچهها,52103900,261
ـ ـ سایر پارچهها,52104900,263
ـ ـ سایر پارچهها,52105900,265
پارچه هاي سفید نشده ساده بافت,52111100,266
ـ ـ سایر پارچهها,52111900,268
ـ ـ سایر پارچهها,52113900,270
ـ ـ پارچههاي موسوم به «دنیم )Denim(»,52114200,272
ـ ـ سایر پارچهها,52114900,274
ـ ـ سایر پارچهها,52115900,277
ـ ـ سایر پارچه ها از کتان,53091900,282
پارچههاي تار و پود باف از سایر الیاف نسجی نباتی؛ پارچههاي تار و پود باف از نخ کاغذي.,53110000,283
"ـ پارچههاي تار و پودباف که از نخ بسیار مقاوم نایلونی یا از نخ سایر پلیآمیدها یا از نخ پلیاسترها به
دست  میآیند.",54071000,284
ـ پارچههاي تار و پود باف که از نخ بسیار مقاوم از ریون ویسكوز به دست میآیند,54081000,287
ـ سایر نخها، که عمدتاً یا منحصراً با پنبه مخلوط شده باشند,55103000,291
ـ ـ  سایر پارچههاي تار و پودباف,55134900,294
ـ ـ پارچههاي مخمل و پلوش با پرز پودي، قطعنشده,58012100,301
ـ ـ سایر پارچههاي مخمل و پلوش با پرز پودي قطع شده، راهراه )مخمل کبریتی Corduroy(,58012200,302
ـ ـ سایر پارچههاي مخمل و پلوش با پرز پودي,58012300,303
ـ ـ پارچههاي شنیل,58012600,304
ـ ـ پارچههاي مخمل و پلوش,58012700,305
ـ ـ پارچههاي مخمل و پلوش با پرز پودي، قطع نشده,58013100,306
ـ ـ پارچههاي مخمل و پلوش با پرز پودي، قطعشده،  راه راه )مخمل کبریتی Corduroy(,58013200,307
ـ ـ پارچههاي شنیل,58013600,309
ـ ـ پارچههاي  مخمل و پلوش,58013700,310
ـ از سایر مواد نسجی )از پارچه هاي مخمل و پلوش تار و پود بافت و پارچه هاي شنیل(,58019000,311
ـ پارچههاي حوله باف اسفنجی و پارچههاي تار و پودباف اسفنجی )پرز حلقوي( همانند، از مواد نسجی,58022000,314
ـ پارچههاي نسجی منگوله باف )Tufted(,58023000,315
گاز )Gauze(، به غیر از پارچههاي باریک مشمول ردیف 06  58.,58030000,316
ـ توربافها و سایر پارچههاي توري,58041000,317
"ـ پارچههاي مخمل و پلوش تار و پودباف ) از جمله پارچههاي حوله­باف اسفنجی و پارچههاي
اسفنجی )پرز حلقوي( همانند( و پارچههاي شنیل",58061000,322
ـ سایر پارچههاي تار و پودباف، داراي حداقل 5 درصد وزنی نخ کششپذیر یا نخ کائوچویی,58062000,323
ـ ـ از پنبه,58063100,324
ـ پارچه متشكل از تار و بدون پود، که به وسیله چسب به هم متصل شده است )Bolducs(,58064000,328
"پارچههاي تار و پودباف از نخ فلزي و پارچههاي تار و پود باف از نخهاي نسجی جورشده با فلز مشمول
شماره  05  56، از انواعی که براي پوشاك، مبلمان یا مصارف همانند به کار میروند، که در جاي",58090000,333
ـ ـ از پنبه,58109100,335
ـ پارچههاي معروف به «پرزبلند»,60011000,341
ـ ـ از پنبه,60012100,342
از پنبه )پالتو و نیم پالتو و شنل و...(,61012000,344
"ـ لباس رو )Suits( )متشكل از دو یا تعداد قسمتهایی که در جنس و رنگ هماهنگ یا متناظر
باشند )مانند کت، جلیقه و شلوار براي مردان یا کت و دامن براي زنان( (",61031000,346
ـ ـ از پنبه,61045200,350
ـ ـ از پنبه,61071100,354
ـ ـ از پنبه,61072100,355
ـ ـ از پنبه,61082100,357
ـ از پنبه,61091000,359
ـ از پنبه,61102000,364
ـ از پنبه,61112000,367
ـ ـ از پنبه,61121100,368
ـ لباس اسكی به صورت دست,61122000,371
لباسهاي دوخته و مهیا از پارچههاي کشباف یا قالبباف مشمول شماره 03  59، 06  59 یا 07  59.,61130000,376
ـ ـ از پنبه,61159500,385
ـ ـ از پنبه,61169200,390
ـ ـ از پنبه,62021200,397
ـ ـ ـ لباس مخصوص ورزش موتور سواري با محافظ آرنج، شانه، زانو و لگن و ... به صورت دست,62031920,403
ـ ـ از پنبه,62034200,406
ـ ـ از پنبه,62041200,407
ـ از پنبه,62052000,412
ـ از پنبه,62063000,416
ـ ـ از پنبه )لباس زیر چسبان و همانند و ...مردانه و پسرانه(,62071100,419
ـ ـ از سایر مواد نسجی)لباس زیر چسبان و همانند و ... مردانه و پسرانه(,62071900,420
ـ ـ از پنبه,62072100,421
ـ ـ از الیاف سنتتیک یا مصنوعی)لباس زیر چسبان و همانند و ... مردانه و پسرانه(,62072200,422
ـ ـ از سایر مواد نسجی)لباس زیر چسبان و همانند و ... مردانه و پسرانه(,62072900,423
ـ ـ از پنبه )لباس زیر چسبان و همانند و ... مردانه و پسرانه(,62079100,424
ـ ـ از سایر مواد نسجی )لباس زیر چسبان و همانند  و ... مردانه و پسرانه(,62079900,425
ـ ـ از سایر مواد نسجی)لباس زیر چسبان و همانند  و ... زنانه و دخترانه(,62081900,427
ـ ـ از پنبه,62082100,428
ـ ـ از الیاف سنتتیک یا مصنوعی)لباس زیر چسبان و همانند  و ... زنانه و دخترانه(,62082200,429
ـ ـ از سایر مواد نسجی)لباس زیر چسبان و همانند  و ... زنانه و دخترانه(,62082900,430
ـ ـ از پنبه,62089100,431
ـ ـ از الیاف سنتتیک یا مصنوعی)لباس زیر چسبان و همانند  و ... زنانه و دخترانه(,62089200,432
ـ ـ از سایر مواد نسجی)لباس زیر چسبان و همانند  و ... زنانه و دخترانه(,62089900,433
ـ از پنبه,62092000,434
ـ از سایر مواد نسجی )لباس و متفرعات لباس براي نوزادان(,62099000,436
ـ لباس اسكی به صورت دست,62112000,439
ـ ـ از پنبه,63022100,451
ـ شستنیهاي توالت یا آشپزخانه، از پارچههاي حولهباف اسفنجی )پرز حلقوي( همانند، از پنبه,63026000,453
ـ کفشور، قاب دستمال، قابشور، گردگیر و سایر پارچههاي همانند براي تمیز کردن,63071000,458
"مجموعهها متشكل هستند از پارچههاي تار و پودباف و نخ، حتی داراي متفرعات، براي آمادهکردن آنها
به صورت قالیچه، دیوارکوب، رومیزي و دستمال سفره گلدوزي و قالبدوزي شده، یا اشیاء نسجی",63080000,460
ـ ـ سایر)کفش هاي ضد آب و ...(,64019900,461
ـ ـ ـ کفش براي اسكی روي برف و کفش براي تخته برف سواري )Snowboard(,64021210,462
ـ ـ ـ کفشهاي اسكی,64021220,463
ـ ـ ـ کفشهاي دومیدانی زیرپیچدار و میخدار,64021910,464
ـ ـ سایر )کفشهایی که تخت بیرونی و رویه آنها از کائوچو یا پالستیک باشند(,64029900,465
ـ ـ ـ کفش براي اسكی روي برف و کفش براي تخته برف سواري )Snowboard(,64031210,466
ـ ـ ـ کفشهاي اسكی,64031220,467
ـ ـ ـ کفشهاي دو و میدانی زیرپیچدار و میخدار,64031910,468
"ـ کفش با تخت بیرونی از چرم طبیعی، و رویه متشكل از تسمههایی که از چرم طبیعی که از روي
برآمدگی پا عبور و شست پا را دور میزند",64032000,470
ـ ـ ـ کفش دو میدانی زیر پیچ دار و میخ دار,64041110,472
ـ ـ ـ کفشهاي دو و میدانی زیرپیچدار و میخدار,64041110,471
ـ ـ ـ کفش مخصوص دوچرخه سواري داراي قفل براي چفت روي پدال,64041120,473
ـ کفش با تخت بیرونی از چرم طبیعی یا چرم دوباره ساخته شده,64042000,476
"کاله و سایر پوششهاي سر، کشباف یا قالبباف، یا تهیه شده از دانتل، نمد یا سایر پارچههاي نسجی،
به صورت توپ )ولی نه به صورت نوار(، حتی آستري شده  یا  تزئین شده، تور از هر ماده، حتی",65050000,478
"ـ ـ ـ ماشینهاي خودکار دادهپردازي بهصورت یكپارچه شامل چاپگر، اسكنر، فتوکپی، فاکس، تلفن،
تلویزیون، دوربین عكاسی، فیلمبرداري و دیسکخوان نوري قرار داده شده در یک محفظه",84714930,650
--- بلندگوها به صورت چندپارچه,85182930,758
- اسكیت روي یخ و اسكیت روي زمین، همچنین کفشهاي اسكیتینگ داراي ملحقات اسكیت,95067000,929
