name,tariff_code,index
کره، چربی و روغن کاکائو.,18040000,21
ـ پودر کاکائو حاوي قند یا شكر یا سایر مواد شیرینکننده افزوه شده به آن,18061000,24
ـ مخلوط و خمیرها براي تهیه محصوالت خبازي، نان شیرینیسازي یا بیسكویتسازي شماره 05  19,19012000,29
ـ ـ ـ خوراك دام جایگزین شونده شیر دامی مطابق استاندارد ملی 2388,19019010,30
ـ ـ بیسكوئیتهایی که به آنها مواد شیرینکننده افزودهاند,19053100,42
ـ ذرت شیرین Zea mays( نوع )Saccharata,20058000,51
ـ ـ ـ شیر الکتومی,21061030,85
داراي قند یا ماده شیرین کننده افزوده دیگر یا طعم دار شده,22021000,97
ـ پشت دري و پشت پنجرهاي، پرده ) از جمله پرده کرکره( و اشیاي همانند و اجزاء و ملحقات آنها,39253000,182
ـ ـ خامه )Roving(,70191200,518
--- شیر آالت بهداشتی، شیر مخلوط حمام و دستشویی، روشویی، ظرفشویی و پیسوار,84818010,671
--- شیر مخصوص دستگاههاي تصفیه آب خانگی,84818011,672
--- شیر فلكه کشویی )gate valve( از جنس برنج لغایت سه اینچ,84818015,673
--- شیرفلكه کشویی )gate valve( از جنس فوالدي یا چدنی تا 56 اینچ,84818016,674
--- شیر توپی )Ball valve( از جنس برنج لغایت  5/2 اینچ,84818020,675
--- شیر توپی )Ball valve( از جنس فوالدي یا چدنی تا 56 اینچ,84818021,676
--- شیر مخصوص ظروف اسپري,84818025,677
--- شیر مخصوص اجاق گاز )ترموکوبل­دار(,84818036,678
--- شیر مخصوص اجاق گاز )ترموستاتیک(,84818037,679
--- شیر توپی پالستیكی,84818083,680
