name,tariff_code,index
دستگاه سنگ زنی دستی مجهز به موتور برقی,84672920,637
مجموعه قیچی برقی و وسایل برقی دستی باغبانی,84678910,639
--- رایانه لوحی )tablet PC( با صفحهنمایش لمسی حداقل 7 اینچ حتی با قابلیت نصب سیم کارت,84713040,643
"ـ ـ ـ ماشینهاي خودکار دادهپردازي بهصورت یكپارچه شامل چاپگر، اسكنر، فتوکپی، فاکس، تلفن،
تلویزیون، دوربین عكاسی، فیلمبرداري و دیسکخوان نوري قرار داده شده در یک محفظه",84714930,650
"ـ ـ ـ جعبه کامپیوتر شخصی )PC( شامل کلیه واحدها و متفرعات داخلی از جمله درایوها، بردها،
حافظه و هارد و غیره",84715010,652
"ـ ـ ـ دستگاه کامل کامپیوتر SERVER شامل کلیه واحدها و متفرعات داخلی از جمله درایوها،
بردها، حافظه، هارد و کارت شبكه بدون واحدهاي ورودي و خروجی",84715020,653
=--- سایر قطعات کامپیوتر,84718090,662
--- سایر قطعات کامپیوتر,84719090,664
"ـ ـ ـ اجزاء و قطعات غیرالكتریكی و غیر الكترونیكی با ملحقات مورد مصرف در تجهیزات انواع ماشین
هاي خودکار داده پردازي )صفحه کلید، جعبه رایانه، موشواره و ...(",84733020,665
ـ ـ ـ برد کامل مونتاژ شده جهت واحدهاي ورودي و خروجی رایانه ) صفحه کلید و موشواره(,84733030,666
--- پردازشگر رایانه )CPU(,84733040,667
--- پانل جلوي جعبه رایانه,84733050,668
--- حافظه فرار رایانه )RAM(,84733060,669
ـ ـ ـ منبع تغذیه رایانه,85044030,684
ـ اتوي برقی,85164000,727
ـ ـ دستگاههاي تلفن با سیم )Line( با گوشیهاي بیسیم )Cordless(,85171100,733
ـ ـ ـ گوشی هوشمند تلفن همراه,85171210,734
ـ ـ ـ سایر دستگاههاي تلفن,85171290,735
ـ ـ ـ تلفنهاي تصویري,85171810,736
--- تلفن ثابت رومیزي با گوشی با سیم حتی تحت شبكه,85171820,737
ـ ـ ـ سایر دستگاهها براي شبكه رادیویی تلفنی,85171890,738
ـ ـ ـ دستگاههاي سوئیچینگ )Switching( تلفنی یا تلگرافی,85176210,740
ـ ـ ـ گیرنده، فرستنده قابل حمل دستی از نوع رادیو – تلفنی,85176940,748
ـ ـ ـ گیرنده، فرستنده قابل نصب در خودرو از نوع رادیو - تلفنی,85176950,749
ـ تقویتکننده برقی فرکانس قابل شنوایی,85184000,762
ـ دستگاههاي برقی تقویتکننده صوت,85185000,763
ـ ماشینهايپیامگیرتلفن )Answering machines(,85195000,766
"--- نمایشگرهاي توام شده با دستگاه پخش ویدئو حتی بازي )game( فاقد گیرنده تلویزیون از نوع
قابل نصب بر روي صندلی یا سقف وسایل نقلیه )Headrest or Ceiling Car DVD Player(",85219010,770
ـ ـ ـ آنتنهاي تلویزیون به استثناي آنتن تلسكوپی,85291010,783
"ـ المپها و لولهها براي دوربین تلویزیون؛ مبدلها و تشدیدکنندههاي تصویر؛ سایر المپها و لولههاي
فتوکاتد",85402000,809
اسكوتر برقی,87116010,810
---- با موتور برقی,95030011,890
--- دسته بازي براي بازي با رایانه یا سایر کنسول­هاي بازي,95045010,898
