name,tariff_code,index
آناناس,8043000,5
ـ ـ ـ انبه,8045020,6
پوره میوه هاي گرمسیري )موز، انبه، پشن فروت ، آناناس، لیچی(,20079910,55
ـ ـ ـ پوره میوههاي گرمسیري )موز، انبه، پشنفروت، لیچی، آناناس و تمبر هندي(,20079910,54
ـ آناناس - در ظرفی که حداقل10 کیلوگرم گنجایش داشته باشد,20082010,58
ـ ـ ـ انبه در ظرفی که حداقل10 کیلوگرم گنجایش داشته باشد,20089910,61
ـ ـ ـ انبه در ظرفی که حداقل10 کیلوگرم گنجایش داشته باشد,20089910,60
ـ ـ ـ آب میوه تغلیظ شده )کنسانتره موز، انبه، گواوا، پشن فروت و لیچی(,20098910,66
ـ مخلوطهاي آبمیوه و سبزیجات,20099000,68
ـ آسیاب و مخلوطکنهاي مواد خوراکی، دستگاههاي آبمیوهگیر و آب سبزيگیر,85094000,710
ـ ـ ـ ماشین موزنی حیوان )پشم چینی(,85102010,715
ـ دستگاههاي موزدایی,85103000,717
ـ از فلزات گرانبها یا از فلزات داراي روکش یا پوشش از فلزات گرانبها:,91131000,874
ـ جعبه موزیک,92081000,878
