name,tariff_code,index
ـ واکس­ها، کرم و فرآوردههاي همانند براي نگهداري مبلمان چوبی، پارکت یا سایر اشیاي چوبی,34052000,168
=--- سایر واکس ها و کرم ها براي مبلمان,34059000,171
ظروف مالمین )ظروف سر میز و لوازم آشپزخانه(,39241010,179
"پارچههاي تار و پودباف از نخ فلزي و پارچههاي تار و پود باف از نخهاي نسجی جورشده با فلز مشمول
شماره  05  56، از انواعی که براي پوشاك، مبلمان یا مصارف همانند به کار میروند، که در جاي",58090000,333
ـ شستنیهاي توالت یا آشپزخانه، از پارچههاي حولهباف اسفنجی )پرز حلقوي( همانند، از پنبه,63026000,453
ـ اشیاي سرمیز یا آشپزخانه,69111000,494
مصنوعات آشپزخانه  از چدن لعاب زده,73231000,531
ـ براي وسایل آشپزخانه یا براي ماشینهاي مورد استفاده در صنایع غذایی,82083000,596
ـ ـ از نوع خانگی,84221100,628
"- ترازوي توزین اشخاص، همچنین ترازوي توزین نوزادان، ترازوهاي
خانگی",84231000,629
کارواش خانگی,84243010,631
--- اتو پرس از نوع خانگی,84513010,633
چرخ دوزندگی از نوع خانگی,84521000,634
--- شیر مخصوص دستگاههاي تصفیه آب خانگی,84818011,672
ـ ـ ـ دستگاههاي آبگرمكن و آب سردکن توام خانگی,85161010,723
