name,tariff_code,index
"ـ پارچههاي تار و پودباف که از نخ بسیار مقاوم نایلونی یا از نخ سایر پلیآمیدها یا از نخ پلیاسترها به
دست  میآیند.",54071000,284
"ـ ـ ـ از پلیپروپیلن با تراکم تاري از 105 در دسیمتر و تراکم پودي حداقل 64 در دسیمتر به عرض
200 سانتیمتر و بیشتر و وزن حداقل  90 گرم در متر مربع",54072010,285
ـ ـ ـ سایر از پلیپروپیلن,54072020,286
ـ پارچههاي تار و پود باف که از نخ بسیار مقاوم از ریون ویسكوز به دست میآیند,54081000,287
