name,tariff_code,index
مسواك دندان و همچنین مسواك دندان عاریه,96032100,940
ـ ـ ـ سایر) بروس و قلم مو براي نقاشی کردن و ...(,96034090,941
ـ دگمه قابلمه، دگمه فشاري و دگمه سردست فشاري و اجزاء و قطعات آنها,96061000,942
ـ ـ ـ روان نویس,96081020,943
مداد هاي خودکار یا نوکی,96084000,944
ـ ـ مجموعه هایی از اشیاي مشمول دو یا چند شماره فرعی پیش گفته,96085000,945
مغزي مداد اتود )سیاه یا رنگی(,96092010,946
فالسک,96170000,947
پوشک بزرگسال,96190010,948
ـ ـ پوشک بچه,96190020,949
سایر )حوله هاي بهداشتی و ...(,96190090,950
