name,tariff_code,index
ـ بیل و بیلچه,82011000,546
ـ کلنگ به هر شكل، کج بیل، کج بیل باغبانی، شنکش، گل تراش,82013000,547
ـ تبر و تیشه، دهره و ابزارهاي برنده همانند,82014000,548
قیچی باغبانی که با یک دست کار میکند,82015010,550
ـ قیچی باغبانی ) از جمله قیچی براي بریدن گوشت پرندگان( که با یک دست کار میکند,82015010,549
سایر,82015090,551
ـ قیچی پرچینبر، قیچی باغبانی و ابزارهاي همانند که با دو دست کار میکند,82016000,552
ـ قیچی پرچینبر، قیچی باغبانی و ابزارهاي همانند که با دو دست کار میکند,82016090,553
"ـ سایر ابزارهاي دستی از نوعی که در کشاورزي، باغبانی و گلكاري یا جنگلداري مورد استفاده قرار
میگیرد",82019000,554
اره دستی ویژه هرس,82021010,555
ـ اره دستی,82021090,556
ـ تیغه اره نواري,82022000,557
ـ ـ داراي قسمت عامل از فوالد,82023100,558
ـ ـ سایر، به انضمام اجزاء و قطعات,82023900,559
ـ تیغه اره زنجیري,82024000,560
ـ ـتیغه ارههاي مستقیم براي کارکردن روي فلزات,82029100,561
ـ ـ سایر,82029900,562
ـ سوهان،چوب ساب و ابزارهاي همانند,82031000,563
ـ انبردست )از جمله انبردستهاي برنده(، گازانبر، مقاش و ابزارهاي همانند,82032000,564
ـ قیچی فلزبري و ابزارهاي همانند,82033000,565
ـ لولهبر، پیچبر، منگنه سوراخکن و ابزارهاي همانند,82034000,566
--- مجموعه آچار قفل بازکن,82041110,567
--- سایر,82041190,568
ـ ـ داراي دندانه متغیر,82041200,569
ـ آچاربكس، حتی داراي دسته,82042000,570
ـ ابزار براي سوراخکردن، حدیدهکردن یا قالویز کردن,82051000,571
ـ چكش و پتک,82052000,572
ـ رنده، اسكنه، مغار و ابزارهاي برنده همانند براي کار روي چوب,82053000,573
ـ ـ ـ پیچگوشتی با تستر ولتاژ )فازمتر(,82054010,574
ـ ـ ـ سایر,82054090,575
ـ ـ براي مصارف خانهداري,82055100,576
ـ ـ سایر,82055900,577
ـ چراغ لحیمکاري و همانند,82056000,578
ـ گیره، قید و همانند,82057000,579
ـ سایر، شامل محموعهاي از اشیاء دو یا چند شماره فرعی از این ردیف,82059000,580
"ابزارهاي مشمول حداقل دو شماره از شمارههاي  02  82، لغایت 05  82 آمادهشده به صورت
مجموعه براي خردهفروشی.",82060000,581
ـ ـ داراي قسمت عامل از سرمتها,82071300,582
ـ ـ سایر ابزارهاي تراش  به انضمام اجزاء و قطعات,82071900,583
--- حدیده کشش مفتول به صورت خام )نیمهساخته یا کارنشده(.,82072010,584
ـ ـ ـ سایر,82072090,585
ـ ابزارها براي پرسکردن، منگنهکردن یا پانچکردن,82073000,586
ـ ابزارها براي قالویزکردن یا حدیدهکردن,82074000,587
ـ ـ ـ به قطر 5/1 میلیمتر و کمتر,82075010,588
ـ ـ ـ سایر,82075090,589
ـ ابزار براي صیقلکردن جدار داخلی یا براي برقوزدن,82076000,590
ـ ابزارها براي فرزکردن,82077000,591
ـ ابزارها براي خراطی کردن,82078000,592
ـ سایر ابزارهاي تعویضی,82079000,593
ـ براي کار روي فلزات,82081000,594
ـ براي کار روي چوب,82082000,595
ـ براي وسایل آشپزخانه یا براي ماشینهاي مورد استفاده در صنایع غذایی,82083000,596
ـ براي ماشینهاي کشاورزي، باغبانی و گلكاري یا جنگلداري,82084000,597
ـ سایر,82089000,598
صفحه کوچک، قلم )Stick(، نوك )Tip( و اشیاي همانند براي ابزارها، سوارنشده، از سرمتها.,82090000,599
"وسایل مكانیكی دستی، به وزن 10 کیلوگرم یا کمتر، براي تهیه کردن، آمادهکردن یا سروکردن غذا یا
نوشابه.",82100000,600
کارد سرمیز با تیغه ثابت,82119100,601
ـ ـ ـ صنایع دستی,82119210,602
ـ ـ ـ سایر )کارد و چاقو با تیغه هاي برنده و ...(,82119290,603
ـ ـ ـ صنایع دستی,82119310,604
ـ ـ ـ سایر,82119390,605
ـ ـ تیغهها,82119400,606
ـ ـ دسته از فلزات معمولی,82119500,607
ـ خودتراش,82121000,608
ـ تیغههاي خودتراش ایمنی، همچنین تیغههاي  خودتراش تكمیل شده به شكل نوار,82122000,609
ـ ـ ـ تیغ دولبه بدون دسته,82129010,610
ـ ـ ـ سایر,82129090,611
قیچی، قیچی خیاطی و قیچیهاي همانند و تیغههاي آنها.,82130000,612
ـ ـ ـ مدادتراش و تیغه آن,82141010,613
ـ ـ ـ سایر,82141090,614
ابزار مانیكور,82142000,615
ـ سایر,82149000,616
سایر اشیا جور شده )قاشق ، چنگال، مالقه و...(,82152000,617
