name,tariff_code,index
ـ ـ ـ قهوه قابل حل )قهوه فوري(,21011110,69
ـ ـ ـ سایر,21011190,70
ـ ـ فرآوردهها براساس عصارهها، اسانسها یا تغلیظ شدهها یا براساس قهوه,21011200,71
"ـ عصارهها، اسانسها و تغلیظ شدههاي چاي یا ماته؛ و فرآوردهها براساس این عصارهها، اسانسها یا
تغلیظ شدهها یا براساس چاي یا ماته",21012000,72
ـ کاسنی بو داده و سایر بدل قهوههاي بوداده و عصارهها، اسانسها و تغلیظ شده آنها,21013000,73
ـ مخمرهاي فعال,21021000,74
ـ بیكینگپودرآماده)Prepared baking powders(.,21023000,75
ـ  سس سویا,21031000,77
ـ سس سویا,21031000,76
ـآرد و زبره خردل و خردل آماده,21033000,78
ـ سایر,21039000,79
ـ فرآوردههاي غذایی مرکب )Composite(، هموژنیزه,21042000,80
بستنی و سایر شربتهاي یخزده )Edible ice(، حتی داراي کاکائو.,21050000,81
--- مواد پروتئینی تكستوره,21061010,82
ـ ـ ـ ـ مواد پروتئینی تكستوره سویا,21061011,83
---- سایر,21061019,84
ـ ـ ـ شیر الکتومی,21061030,85
ـ ـ ـ سایر,21061090,86
ـ ـ ـ استابیالیزر,21069010,87
ـ ـ ـ پودر حالت دهنده خوراکی,21069030,88
ـ ـ ـ ژل کیک,21069040,89
ـ ـ ـ آنتیاکسیدان,21069050,90
ـ ـ ـ بهبود دهنده,21069060,91
ـ ـ ـ مكمل غذایی در بسته بندي خرده فروشی,21069080,93
ـ ـ ـ مكمل غذایی,21069080,92
ـ ـ ـ سایر,21069090,94
