name,tariff_code,index
ـ ـ ساده باف، به وزن هر متر مربع حداکثر 100 گرم,52081100,227
ـ ـ ساده باف، به وزن هر متر مربع بیش از 100 گرم,52081200,228
ـ ـ سه نخ یا چهار نخ جناغی باف، همچنین جناغی مورب باف,52081300,229
ـ ـ سایر پارچهها,52081900,230
ـ ـ سایر پارچهها,52083900,231
ـ ـ سادهباف، به وزن هر متر مربع حداکثر 100 گرم,52084100,232
--- پارچههاي دستباف,52084210,233
ـ ـ ـ  سایر پارچه هاي ساده بافت,52084290,234
ـ ـ سایر پارچه­ها,52084900,235
ـ ـ سادهباف، به وزن هر متر مربع حداکثر 100 گرم,52085100,236
ـ ـ ساده باف، به وزن هر متر مربع بیش از 100 گرم,52085200,237
ـ ـ سایر پارچهها,52085900,238
ـ ـ ساده باف,52091100,239
ـ ـ سه نخ یا چهارنخ جناغیباف، همچنین جناغی مورب باف,52091200,240
ـ ـ سایر پارچهها,52091900,241
ـ ـ ساده باف,52092100,242
ـ ـ سه نخ یا چهارنخ جناغیباف، همچنین جناغی مورب باف,52092200,243
ـ ـ سایر پارچهها,52092900,244
ـ ـ ساده باف,52093100,245
ـ ـ سه نخ یا چهار نخ جناغی باف، همچنین جناغی مورب باف,52093200,246
ـ ـ سایر پارچهها,52093900,247
ـ ـ ساده باف,52094100,248
ـ ـ پارچههاي موسوم به «دنیم )Denim(»,52094200,249
ـ ـ سایر پارچههاي سه نخ یا چهارنخ جناغیباف، همچنین جناغی مورب باف,52094300,250
ـ ـ سایر پارچهها,52094900,251
ـ ـ ساده باف,52095100,252
ـ ـ سه نخ یا چهار نخ جناغیباف، همچنین جناغی مورب باف,52095200,253
ـ ـ سایر پارچهها,52095900,254
ـ ـ ساده باف,52101100,255
ـ ـ سایر پارچهها,52101900,256
ـ ـ ساده باف,52102100,257
ـ ـ سایر پارچهها,52102900,258
ـ ـ ساده باف,52103100,259
ـ ـ سه نخ یا چهار نخ جناغی باف، همچنین جناغی مورب باف,52103200,260
ـ ـ سایر پارچهها,52103900,261
ـ ـ ساده باف,52104100,262
ـ ـ سایر پارچهها,52104900,263
ـ ـ ساده باف,52105100,264
ـ ـ سایر پارچهها,52105900,265
پارچه هاي سفید نشده ساده بافت,52111100,266
ـ ـ سه نخ یا چهار نخ جناغی باف همچنین جناغی مورب باف,52111200,267
ـ ـ سایر پارچهها,52111900,268
ـ ـ سه نخ یا چهار نخ جناغی باف، همچنین جناغی مورب باف,52113200,269
ـ ـ سایر پارچهها,52113900,270
ـ ـ ساده باف,52114100,271
ـ ـ پارچههاي موسوم به «دنیم )Denim(»,52114200,272
ـ ـ سه نخ یا چهار نخ جناغی باف، همچنین جناغی مورب باف,52114300,273
ـ ـ سایر پارچهها,52114900,274
ـ ـ ساده باف,52115100,275
ـ ـ سه نخ یا چهار نخ جناغی باف، همچنین جناغی موربباف,52115200,276
ـ ـ سایر پارچهها,52115900,277
ـ ـ از نخهاي به رنگهاي گوناگون,52121400,278
ـ ـ از نخهاي به رنگهاي گوناگون,52122400,279
ـ ـ چاپشده,52122500,280
