name,tariff_code,index
ـ سنجاق قفلی و سایر سنجاقها,73194000,523
ـ ـ ـ سوزن گلدوزي، رفوگري یا گلدوزي و قالبدوزي,73199010,524
ـ ـ ـ سایر,73199090,525
اجاق رومیزي,73211120,526
ـ ـ ـ سر شعله اجاق گاز، همچنین اجزا و قطعات آن,73219010,527
"ـ ـ ـ اجزاء و قطعات دستگاههاي گرماتاب که در آنها انتقال حرارت به روش تابش بوده و با سوخت
گاز کار میکند",73229010,528
ـ ـ ـ بخاري درجا مخصوص وسایل نقلیه,73229020,529
"ـ پشم آهن یا فوالد؛ اسفنج، قابدستمال، دستكش و اشیاي همانند براي پاكکردن ظروف، صیقلی
کردن یا مصارف همانند",73231000,530
مصنوعات آشپزخانه  از چدن لعاب زده,73231000,531
