name,tariff_code,index
ـ ـ ـ صابون حمام و دستشویی,34011110,142
ـ ـ ـ صابون گلسیرینه,34011120,143
ـ ـ ـ صابون بچه,34011130,144
ـ ـ ـ صابون طبی,34011140,145
ـ ـ ـ مایع,34012010,146
ـ ـ ـ صنعتی,34012020,147
ـ ـ ـ پودر صابون در بسته بندي خرده فروشی,34012040,148
"ـ محصوالت و فرآوردههاي آلی تانسیو اکتیو که به منظور شست­ و شوي پوست بدن در نظر گرفته
شدهاند، به شكل مایع یا کرم، بستهبندي شده براي خرده فروشی حتی اگر حاوي صابون باشند",34013000,149
"ـ ـ ـ دترجنت قالبی، پودر، مایع، گرانول، قرص، ژل، کنسانتره و سایر فراوردههاي همانند با بستهبندي
حداکثر 5 کیلوگرم و مناسب براي شست و شوي دستی",34022010,150
---- قرص ماشین ظرفشویی,34022021,151
"سایر )پودر، مایع، گرانول، ژل ، قرص، کنستانتره و سایر فرآورده هاي همانند با بسته بندي 5 کیلوگرم
و کمتر(",34022029,152
"ـ ـ ـ پودر، مایع، گرانول، قرص، ژل، کنسانتره و سایر فرآورده­هاي همانند، در بستهبندي بیشتر از 5
کیلوگرم مناسب براي شست و شو یا پاکیزگی دستی و ماشینی",34029010,153
ـ ـ ـ پاكکنندههاي صنعتی,34029020,154
ـ ـ ـ مواد آبكاري,34029030,155
ـ ـ ـ مواد تعاون نساجی,34029040,156
ـ ـ ـ سایرمواد اولیه آبكاري,34029090,157
ـ ـ فرآوردهها براي عمل آوردن مواد نسجی، چرم، پوستهاي نرم )Furskins( یا سایر مواد,34031100,158
--- روغن موتور,34031910,159
=--- سایر روان کننده ها,34031990,160
ـ ـ فرآوردهها براي عمل آوردن مواد نسجی، چرم، پوستهاي نرم یا سایر مواد,34039100,161
ـ ـ ـ روانکننده سیلیكونی,34039910,162
ـ ـ ـ سایر روان کننده ها,34039990,163
ـ ـ ـ از پلی اتیلن گلیكول,34042010,164
ـ ـ ـ از پلی­اکسی اتیلن,34042090,165
ـ سایر,34049000,166
ـ واکس­ها، کرمها و فرآوردههاي همانند براي کفش یا چرم,34051000,167
ـ واکس­ها، کرم و فرآوردههاي همانند براي نگهداري مبلمان چوبی، پارکت یا سایر اشیاي چوبی,34052000,168
ـ واکس­ها و فرآوردههاي همانند براي بدنه وسایل نقلیه به­استثناي واکسها براي فلزات,34053000,169
ـ خمیر، پودر و سایر فرآوردهها براي تمیزکاري,34054000,170
=--- سایر واکس ها و کرم ها براي مبلمان,34059000,171
انواع شمع و اشیاي همانند.,34060000,172
ـ ـ ـ فرآوردههاي دندانسازي,34070010,173
ـ ـ ـ سایرخمیر هاي قالب گیري,34070090,174
