name,tariff_code,index
--- کیف دستساز,42021110,195
--- سایر,42021190,196
"ـ ـ رختدان، چمدان، چمدان کوچک همچنین کیف بزك، کیف اسناد، کیف مدرسه و محفظه هاي
همانند با سطح خارجی از مواد پالستیكی یا مواد نسجی",42021200,197
ـ ـ سایر,42021900,198
--- لباس به صورت دست، مخصوص موتورسواري داراي محافظ آرنج و شانه,42031010,199
--- شلوار مخصوص موتورسواري داراي محافظ زانو و لگن,42031020,200
--- سایر,42031090,201
--- دستكش با محافظ پشت دست، مخصوص موتورسواران,42032110,202
--- انواع کمربند چرمی دستساز,42033010,203
ـ سایر منضمات لباس,42034000,204
