name,tariff_code,index
ـ ـ ـ سایر,62011190,394
ـ ـ ـ کاپشن مخصوص موتور سواري داراي محافظ آرنج و شانه,62011310,395
ـ ـ از سایر مواد نسجی,62019900,396
ـ ـ از پنبه,62021200,397
ـ ـ از الیاف سنتتیک یا مصنوعی )پالتو، نیم پالتو و شنل و...زنانه و دخترانه(,62021300,398
ـ ـ ـ البسه محلی,62021910,399
ـ ـ از الیاف سنتتیک یا مصنوعی,62029300,400
ـ ـ از الیاف سنتتیک)پالتو، نیم پالتو و شنل و ... مردانه و پسرانه(,62031200,401
ـ ـ ـ البسه محلی,62031910,402
ـ ـ ـ لباس مخصوص ورزش موتور سواري با محافظ آرنج، شانه، زانو و لگن و ... به صورت دست,62031920,403
ـ ـ از سایر مواد نسجی,62032900,404
ـ ـ از سایر مواد نسجی,62033900,405
ـ ـ از پنبه,62034200,406
ـ ـ از پنبه,62041200,407
ـ ـ ـ البسه محلی,62041910,408
ـ ـ از سایر مواد نسجی,62042900,409
ـ ـ از سایر مواد نسجی,62045900,410
ـ ـ از الیاف سنتتیک,62046300,411
ـ از پنبه,62052000,412
ـ از الیاف سنتتیک یا مصنوعی)پیراهن مردانه و پسرانه(,62053000,413
ـ از سایر مواد نسجی,62059000,414
ـ از پشم یا موي نرم )کرك(حیوان,62062000,415
ـ از پنبه,62063000,416
ـ از الیاف سنتتیک یا مصنوعی,62064000,417
ـ از سایر مواد نسجی )پیراهن، شومیز، بلوز دخترانه و زنانه(,62069000,418
ـ ـ از پنبه )لباس زیر چسبان و همانند و ...مردانه و پسرانه(,62071100,419
ـ ـ از سایر مواد نسجی)لباس زیر چسبان و همانند و ... مردانه و پسرانه(,62071900,420
ـ ـ از پنبه,62072100,421
ـ ـ از الیاف سنتتیک یا مصنوعی)لباس زیر چسبان و همانند و ... مردانه و پسرانه(,62072200,422
ـ ـ از سایر مواد نسجی)لباس زیر چسبان و همانند و ... مردانه و پسرانه(,62072900,423
ـ ـ از پنبه )لباس زیر چسبان و همانند و ... مردانه و پسرانه(,62079100,424
ـ ـ از سایر مواد نسجی )لباس زیر چسبان و همانند  و ... مردانه و پسرانه(,62079900,425
ـ ـ از الیاف سنتتیک یا مصنوعی )پالتو، نیم پالتو و شنل زنانه و دخترانه و...(,62081100,426
ـ ـ از سایر مواد نسجی)لباس زیر چسبان و همانند  و ... زنانه و دخترانه(,62081900,427
ـ ـ از پنبه,62082100,428
ـ ـ از الیاف سنتتیک یا مصنوعی)لباس زیر چسبان و همانند  و ... زنانه و دخترانه(,62082200,429
ـ ـ از سایر مواد نسجی)لباس زیر چسبان و همانند  و ... زنانه و دخترانه(,62082900,430
ـ ـ از پنبه,62089100,431
ـ ـ از الیاف سنتتیک یا مصنوعی)لباس زیر چسبان و همانند  و ... زنانه و دخترانه(,62089200,432
ـ ـ از سایر مواد نسجی)لباس زیر چسبان و همانند  و ... زنانه و دخترانه(,62089900,433
ـ از پنبه,62092000,434
ـ از الیاف سنتتیک,62093000,435
ـ از سایر مواد نسجی )لباس و متفرعات لباس براي نوزادان(,62099000,436
ـ ـ مردانه یا پسرانه )گرمكن ورزشی و ... (,62111100,437
ـ ـ زنانه یا دخترانه )گرمكن ورزشی و ... (,62111200,438
ـ لباس اسكی به صورت دست,62112000,439
ـ پستانبند و سینهبند,62121000,440
ـ گن و گن تنكهاي )Girdle(,62122000,441
ـ کرست گن,62123000,442
ـ سایر,62129000,443
ـ از ابریشم یا از آخال ابریشم,62141000,444
ـ از پشم یا موي نرم )کرك( حیوان,62142000,445
ـ از الیاف سنتتیک,62143000,446
ـ از الیاف مصنوعی,62144000,447
ـ از سایر مواد نسجی,62149000,448
دستكش، دستكش یک انگشتی و نیم دستكش.,62160000,449
ـ اجزاء,62179000,450
