name,tariff_code,index
از پنبه )پالتو و نیم پالتو و شنل و...(,61012000,344
ـ از الیاف سنتتیک یا مصنوعی,61013000,345
"ـ لباس رو )Suits( )متشكل از دو یا تعداد قسمتهایی که در جنس و رنگ هماهنگ یا متناظر
باشند )مانند کت، جلیقه و شلوار براي مردان یا کت و دامن براي زنان( (",61031000,346
ـ ـ از سایر مواد نسجی,61034900,347
ـ ـ از سایر مواد نسجی,61043900,348
ـ ـ از الیاف مصنوعی,61044400,349
ـ ـ از پنبه,61045200,350
از سایر مواد نسجی )ژاکت، ژاکت ورزشی، دامن شلواري  و...زنانه و دخترانه(,61046900,351
ـ از الیاف سنتتیک یا مصنوعی,61052000,352
ـ از سایر مواد نسجی,61069000,353
ـ ـ از پنبه,61071100,354
ـ ـ از پنبه,61072100,355
ـ ـ از سایر مواد نسجی,61079900,356
ـ ـ از پنبه,61082100,357
ـ ـ از الیاف سنتتیک یا مصنوعی,61089200,358
ـ از پنبه,61091000,359
ـ از سایر مواد نسجی,61099000,360
ـ ـ از پشم,61101100,361
ـ ـ از بز کشمیر,61101200,362
ـ ـ سایر,61101900,363
ـ از پنبه,61102000,364
ـ از الیاف سنتتیک یا مصنوعی,61103000,365
ـ از سایر مواد نسجی,61109000,366
ـ از پنبه,61112000,367
ـ ـ از پنبه,61121100,368
ـ ـ از الیاف سنتتیک,61121200,369
ـ ـ از سایر مواد نسجی,61121900,370
ـ لباس اسكی به صورت دست,61122000,371
ـ ـ از الیاف سنتتیک,61123100,372
ـ ـ از سایر مواد نسجی,61123900,373
ـ ـ از الیاف سنتتیک,61124100,374
ـ ـ از سایر موادنسجی,61124900,375
لباسهاي دوخته و مهیا از پارچههاي کشباف یا قالبباف مشمول شماره 03  59، 06  59 یا 07  59.,61130000,376
ـ از سایر مواد نسجی,61149000,377
ـ ـ ـ جوراب واریس,61151010,378
ـ ـ ـ سایر,61151090,379
ـ ـ از الیاف سنتتیک، اندازهگیري هر تار تک نخ کمتر از 67 دسیتكس,61152100,380
ـ ـ از الیاف سنتتیک، اندازهگیري هر تار تک نخ 67 دسیتكس یا بیشتر,61152200,381
ـ ـ از دیگر مواد منسوج,61152900,382
"ـ سایر جورابآالت زنانه ساق بلند )Full-length( یا سه ربعی )Knee-Length(، اندازهگیري هر
تار تک نخ کمتر از 67 دسیتكس",61153000,383
ـ ـ از پشم یا موي نرم )کرك( حیوان,61159400,384
ـ ـ از پنبه,61159500,385
ـ ـ از الیاف سنتتیک,61159600,386
ـ ـ از سایر مواد نسجی,61159900,387
ـ آغشته، اندوده یا پوشانده شده با مواد پالستیک یا کائوچو:,61161000,388
ـ ـ از پشم یا موي نرم )کرك( حیوان,61169100,389
ـ ـ از پنبه,61169200,390
ـ ـ از الیاف سنتتیک,61169300,391
ـ ـ از سایر مواد نسجی,61169900,392
"ـ شال، اشارپ، دستمال گردن، کاشكول، چادر و روسري، مقنعه و روبند و تور صورت )Veil( و اشیاي
همانند",61171000,393
