name,tariff_code,index
ـ ـ ـ شارژر باتري,85044020,683
ـ ـ ـ منبع تغذیه رایانه,85044030,684
قوه هاي استوانه اي,85061010,685
ـ ـ ـ قوه نیم قلمی )AAA/LR03/AM‏4(,85061020,686
ـ ـ ـ قوههاي دکمهاي )Round Cell(,85061030,687
ـ ـ ـ سایر,85061090,688
"--- قوههاي استوانهاي شكل به سایزهاي قلمی )AA/R6/UM‏3(، متوسط )C/R14/UM‏2( و بزرگ
)D/R 20/UM‏1(",85063010,689
ـ ـ ـ قوه نیم قلمی )AAA/LR03/AM‏4(,85063020,690
ـ ـ ـ قوههاي دکمهاي )Round Cell(,85063030,691
ـ ـ ـ سایر,85063090,692
"--- قوههاي استوانهاي شكل به سایزهاي قلمی )AA/R6/UM‏3(، متوسط )C/R14/UM‏2( و بزرگ
)D/R 20/UM‏1(",85064010,693
ـ ـ ـ قوههاي نیم قلمی )AAA/LRO3/AM‏4(,85064020,694
ـ ـ ـ قوههاي دکمهاي )Round Cell(,85064030,695
ـ ـ ـ سایر قوه ها,85064090,696
"ـ ـ ـ قوههاي استوانهاي شكل به سایزهاي قلمی )AA/R6/UM‏3(، متوسط )C/R14/UM‏2( و بزرگ
)D/R 20/UM‏1(",85065010,697
ـ ـ ـ قوههاي نیم قلمی )AAA/LRO3/AM‏4(,85065020,698
ـ ـ ـ قوههاي دکمهاي )Round Cell(,85065030,699
ـ ـ ـ سایر,85065090,700
"--- قوههاي استوانهاي شكل در سایزهاي قلمی )AA/R6/UM‏3(، متوسط )C/R14/UM‏2( و بزرگ
)D/R 20/UM‏1(",85066010,701
ـ ـ ـ قوههاي نیم قلمی )AAA/LRO3/AM‏4(,85066020,702
ـ ـ ـ قوههاي دکمهاي )Round Cell(,85066030,703
ـ ـ ـ سایر قوه ها,85066090,704
"--- قوههاي استوانهاي شكل در سایزهاي قلمی )AA/R6/UM‏3(، متوسط )C/R14/UM‏2( و بزرگ
)D/R 20/UM‏1(",85068010,705
ـ ـ ـ قوههاي نیم قلمی )AAA/LRO3/AM‏4(,85068020,706
ـ ـ ـ قوههاي دکمهاي )Round Cell(,85068030,707
ـ ـ با قدرت حداکثر 1500 وات و داراي یک کیسه خاکروبه  یا . . .,85081100,708
ـ سایر جاروهاي مكنده,85081900,709
ـ آسیاب و مخلوطکنهاي مواد خوراکی، دستگاههاي آبمیوهگیر و آب سبزيگیر,85094000,710
ـ ـ ـ دستگاه بخور التراسونیک غیر از نبوالیزرهاي مشمول ردیف 10  20  9019,85098010,711
ـ ـ ـ سایر,85098090,712
ـ اجزاء و قطعات,85099000,713
ـ ریش تراش,85101000,714
ـ ـ ـ ماشین موزنی حیوان )پشم چینی(,85102010,715
ـ ـ ـ سایر,85102090,716
ـ دستگاههاي موزدایی,85103000,717
ـ اجزاء و قطعات,85109000,718
ـ دستگاههاي روشنایی یا عالمت دادن بصري از انواع مورد استفاده براي دوچرخه,85121000,719
ـ ـ هویهها و تپانچههاي لحیمکاري,85151100,720
ـ ـ ـ ماشین لحیمکاري به روش غوطهوري )حوضچه قلع(,85151910,721
ـ ـ ـ دستگاه جوش لیزري یا پرتو نوري,85158020,722
ـ ـ ـ دستگاههاي آبگرمكن و آب سردکن توام خانگی,85161010,723
ـ ـ مو خشککن,85163100,724
ـ ـ سایر دستگاههاي آرایش مو,85163200,725
ـ ـ دستگاههاي خشککردن دست,85163300,726
ـ اتوي برقی,85164000,727
ـ فر )Oven( میكروویو,85165000,728
ـ ـ دستگاههاي درست کردن قهوه یا چاي,85167100,729
ـ ـ دستگاه برشته کردن نان )Toasters(,85167200,730
ـ ـ سایر,85167900,731
ـ ـ ـ مقاومت گرم کننده الكتریكی فندك خودرو,85168010,732
ـ ـ دستگاههاي تلفن با سیم )Line( با گوشیهاي بیسیم )Cordless(,85171100,733
ـ ـ ـ گوشی هوشمند تلفن همراه,85171210,734
ـ ـ ـ سایر دستگاههاي تلفن,85171290,735
ـ ـ ـ تلفنهاي تصویري,85171810,736
--- تلفن ثابت رومیزي با گوشی با سیم حتی تحت شبكه,85171820,737
ـ ـ ـ سایر دستگاهها براي شبكه رادیویی تلفنی,85171890,738
--- دستگاه گیرنده و فرستنده نوري- رادیویی از قبیل SDH-PDH-DWDM در تمامی ظرفیت­ها,85176110,739
ـ ـ ـ دستگاههاي سوئیچینگ )Switching( تلفنی یا تلگرافی,85176210,740
ـ ـ ـ مودم حتی با قابلیت روتر و access point,85176220,741
"ـ ـ ـ سوئیچ شبكه، روتر شبكه، هاب شبكه، هاب سوئیچ شبكه، فایروال شبكه، مالتی پلكسر، شبكه،
بیرأس )Brass( شبكه، اکسس پوینت )Access Point( شبكه، دي اس لم )DSlam( شبكه،",85176230,742
--- کارت شبكه حتی بیسیم,85176240,743
ـ ـ ـ سایر دستگاهها,85176290,744
ـ ـ ـ پیجر,85176910,745
ـ ـ ـ دربازکن تصویري )Video door Phone(,85176920,746
ـ ـ ـ دربازکن غیرتصویري,85176930,747
ـ ـ ـ گیرنده، فرستنده قابل حمل دستی از نوع رادیو – تلفنی,85176940,748
ـ ـ ـ گیرنده، فرستنده قابل نصب در خودرو از نوع رادیو - تلفنی,85176950,749
ـ ـ ـ سایر,85176990,750
ـ ـ ـ ماژول نمایشگر LED ،LCD یا پالسما حتی داراي برد آدرس دهی,85177010,751
ـ ـ ـ سایر,85177090,752
--- سایر,85181090,753
ـ ـ تک بلندگو، تعبیه شده در محفظه آن,85182100,754
ـ ـ چند بلندگو، تعبیه شده در یک محفظه,85182200,755
ـ ـ ـ انواع بلندگوي خودرو,85182910,756
ـ ـ ـ مجموعه سینماي خانوادگی,85182920,757
--- بلندگوها به صورت چندپارچه,85182930,758
ـ ـ ـ سایر,85182990,759
--- هدفون و گوشی حتی توام شده با یک میكروفن,85183010,760
--- مجموعه هاي متشكل از یک میكروفن و یک یا چند بلندگو,85183090,761
ـ تقویتکننده برقی فرکانس قابل شنوایی,85184000,762
ـ دستگاههاي برقی تقویتکننده صوت,85185000,763
ـ ـ ـ انواع محفظه براي بلندگو,85189010,764
ـ ـ ـ سایر,85189090,765
ـ ماشینهايپیامگیرتلفن )Answering machines(,85195000,766
-- با استفاده از رسانههاي مغناطیسی، نوري یا نیمهرسانا,85198100,767
ـ ـ سایر,85198900,768
ـ از نوع نوار مغناطیسی,85211000,769
ـ ـ ـ نمایشگر توام شده با پخش ویدئو و ....,85219010,771
"--- نمایشگرهاي توام شده با دستگاه پخش ویدئو حتی بازي )game( فاقد گیرنده تلویزیون از نوع
قابل نصب بر روي صندلی یا سقف وسایل نقلیه )Headrest or Ceiling Car DVD Player(",85219010,770
--- سایر,85219090,772
ـ کارتریجهاي پیكاپ )Cartridges pick-up(,85221000,773
ـ سایر,85229000,774
ـ ـ ـ دوربین مدار بسته )براي مراقبت یا براي نظارت عبور و مرور )traffic( بدون ادوات سنجش,85258010,775
--- دوربینهاي پرنده )پرندههاي بدون سرنشین دوربیندار(,85258030,776
--- دستگاه موقعیتیاب جهانی,85269110,777
--- دستگاه کنترل از راه دور براي پرندههاي بدون سرنشین,85269210,778
--- دستگاه بازگشایی قفلهاي ریموتدار با تنظیم و ارسال امواج,85269220,779
--- سایر,85269290,780
ـ ـ رادیو پخشهاي جیبی )Pocket-size(,85271200,781
"ـ ـ ـ دستگاه پخش رادیویی داراي ضبط یا پخش صوت دیجیتالی با قابلیتهاي MP‏3 و غیره از نوع
پرتابل به وزن کمتر از 2 کیلوگرم",85271310,782
ـ ـ ـ آنتنهاي تلویزیون به استثناي آنتن تلسكوپی,85291010,783
ـ المپ موسوم به چراغ سربسته  )Sealed beam lamp unit(,85391000,784
ـ ـ هالوژن تنگستن,85392100,785
ـ ـ ـ المپ حبابی رشتهاي تا 40 وات,85392220,786
ـ ـ ـ المپ حبابی رشتهاي مونتاژ شده بدون کالهک )سرپیچ(,85392230,787
ـ ـ ـ المپ حبابی رشتهاي 200 وات به باال,85392920,788
ـ ـ ـ المپ حبابی رشتهاي مونتاژ شده بدون کالهک )سرپیچ(,85392930,789
ـ ـ ـ المپ خودرو,85392940,790
ـ ـ ـ سایر,85392990,791
ـ ـ ـ فلورسنت روشنایی خطی دو کالهک به قطر بیرونی تیوپ 26 میلیمتر)T‏8(,85393110,792
ـ ـ ـ المپ کم مصرف )Compact(,85393120,793
ـ ـ ـ المپ کممصرف بدون باالست,85393140,794
ـ ـ ـ فلورسنت روشنایی خطی دو کالهک به قطربیرونی تیوپ 16 میلیمتر )T‏5(و کمتر,85393150,795
"ـ ـ ـ فلورسنت روشنایی خطی دو کالهک به قطربیرونی تیوپ 38 میلیمتر )T‏12( و قطر بیرونی
تیوپ 32 میلی متر )T‏10(",85393160,796
ـ ـ ـ سایر,85393190,797
ـ ـ ـ المپ بخار جیوه، سدیم، المپ هالوژنه فلزي بدون کالهک )سرپیچ(,85393240,798
ـ ـ ـ سایر,85393290,799
ـ ـ سایر,85393900,800
ـ ـ المپهاي قوس الكتریكی,85394100,801
ـ ـ سایر,85394900,802
ـ المپ­هاي ساخته شده از دیودهاي ساطع - نور   )LED(,85395000,803
--- مجموعه متشكل از درایو یا باالست، بدنه و کانكتور,85399010,804
--- تیوپ وایر اوت المپ کم مصرف,85399020,805
--- سایراجزا و قطعات المپ LED,85399030,806
--- سایر,85399090,807
ـ ـ رنگی,85401100,808
"ـ المپها و لولهها براي دوربین تلویزیون؛ مبدلها و تشدیدکنندههاي تصویر؛ سایر المپها و لولههاي
فتوکاتد",85402000,809
