name,tariff_code,index
ـ ـ ـ در بستهبندي آماده براي خردهفروشی به وزن یک کیلوگرم و کمتر,9011110,7
ـ ـ ـ دربستهبندي آماده براي خرده­فروشی به وزن یک کیلوگرم و کمتر,9011210,8
چاي سبز )تخمیر نشده( عرضه شده در بسته هاي اولیه که محتوي آن از سه کیلوگرم بیشتر نباشد,9021000,9
چاي کیسه اي,9023010,10
"ـ چاي سیاه )تخمیر شده( و چاي جزئاً تخمیر شده، عرضه شده در بستههاي اولیه که محتوي آن از□
3 کیلوگرم بیشتر نباشد: ـ ـ ـ",9023090,11
ـ ـ ـ انواع چاي سیاه)باالي 3کیلوگرم تا 10 کیلوگرم(,9024010,12
ـ ـ ـ در بستهبندي آماده براي خردهفروشی به وزن پانصد گرم و کمتر )فلفل(,9041210,13
ـ ـ ـ در بستهبندي آماده براي خردهفروشی به وزن پانصد گرم و کمتر,9052010,14
ـ ـ قاب عینک از مواد پالستیكی,90031100,815
ـ ـ قاب عینک از مواد پالستیكی,90031100,814
ـ ـ از سایر مواد,90031900,816
ـ اجزاء و قطعات,90039000,817
عینک آفتابی,90041000,819
ـ عینک آفتابی,90041000,818
ـ سایر,90049000,820
ـ دوربین عكاسی با ظهور و چاپ فوري,90064000,821
"ـ ـ با وسیله میزان کردن دید از میان عدسی شیئی )انعكاس تک لنزي(، براي عكاسی با فیلمهاي به
صورت رول با پهناي حداکثر 35 میلیمتر",90065100,822
ـ ـ سایر، براي عكاسی با فیلمهاي به صورت رول با پهناي کمتر از 35 میلیمتر,90065200,823
ـ ـ سایر، براي عكاسی با فیلمهاي به صورت رول با پهناي 35 میلیمتر,90065300,824
ـ ـ سایر,90065900,825
ـ ـ دستگاه تولید نور آذرخشی با المپ تخلیه )الكترونیكی(,90066100,826
ـ ـ سایر,90066900,827
ـ ـ براي دوربین عكاسی,90069100,828
ـ ـ سایر,90069900,829
ـ دوربین­ها,90071000,830
ـ پروژکتورها,90072000,831
ـ ـ براي دوربین,90079100,832
ـ ـ براي پروژکتور,90079200,833
ـ پرژکتورها، بزرگ­کنندهها وکوچک­کنندهها,90085000,834
ـ اجزاء و قطعات و متفرعات,90089000,835
ـ میكروسكوپ استریوسكوپی,90111000,836
- سایر میكروسكوپها، براي فتومیكروگرافی، سینوفتومیكروگرافی یا براي میكروپروژکسیون,90112000,837
ـ سایر میكروسكوپها,90118000,838
ـ اجزاء و قطعات و متفرعات,90119000,839
ـ میكروسكوپها غیر از میكروسكوپهاي اپتیكی؛ دیفراکتوگرافها,90121000,840
ـ قطب نماهاي جهتیاب,90141000,841
ـ سایر آالت و دستگاهها,90148000,842
ـ اجزاء و قطعات و متفرعات,90149000,843
ـ ـ ـ فاصله­یاب لیزري,90151010,844
ـ ـ ـ سایر,90151090,845
ـ ـ ـ تراز لیزري,90152010,846
ـ ـ ـ سایر,90152090,847
--- سهپایه دوربین نقشهبرداري,90159010,848
ـ ـ ـ ترازو با حساسیت 5 سانتیگرم و یا کمتر با یا بدون وزنه,90160010,849
از جنس پالستیک )آالت رسامی و ...(,90172010,851
ـ سایر آالت رسامی، خط کشی یا محاسبه ریاضی از جنس پالستیک,90172010,850
سایر,90172090,852
ـ میكرومتر، اندازهگیر قطر و اندازهگیر ظرفیت,90173000,853
--- متر لیزري,90178010,854
ترمومتر )تب سنج پزشكی(,90251110,855
تراز بنایی,90318010,856
