name,tariff_code,index
ـ از پشم یا از موي نرم )کرك( حیوان,58011000,300
ـ ـ پارچههاي مخمل و پلوش با پرز پودي، قطعنشده,58012100,301
ـ ـ سایر پارچههاي مخمل و پلوش با پرز پودي قطع شده، راهراه )مخمل کبریتی Corduroy(,58012200,302
ـ ـ سایر پارچههاي مخمل و پلوش با پرز پودي,58012300,303
ـ ـ پارچههاي شنیل,58012600,304
ـ ـ پارچههاي مخمل و پلوش,58012700,305
ـ ـ پارچههاي مخمل و پلوش با پرز پودي، قطع نشده,58013100,306
ـ ـ پارچههاي مخمل و پلوش با پرز پودي، قطعشده،  راه راه )مخمل کبریتی Corduroy(,58013200,307
ـ ـ ـ سایر,58013390,308
ـ ـ پارچههاي شنیل,58013600,309
ـ ـ پارچههاي  مخمل و پلوش,58013700,310
ـ از سایر مواد نسجی )از پارچه هاي مخمل و پلوش تار و پود بافت و پارچه هاي شنیل(,58019000,311
ـ ـ سفید نشده,58021100,312
ـ ـ سایر,58021900,313
ـ پارچههاي حوله باف اسفنجی و پارچههاي تار و پودباف اسفنجی )پرز حلقوي( همانند، از مواد نسجی,58022000,314
ـ پارچههاي نسجی منگوله باف )Tufted(,58023000,315
گاز )Gauze(، به غیر از پارچههاي باریک مشمول ردیف 06  58.,58030000,316
ـ توربافها و سایر پارچههاي توري,58041000,317
ـ ـ از الیاف سنتتیک یا مصنوعی,58042100,318
ـ ـ از سایر مواد نسجی,58042900,319
ـ دانتلهاي دستباف,58043000,320
"دیوار کوبهاي دستباف از نوع گوبلن،  فالندر، ابوسن Aubusson(، بووه )Beauvais( و همانند و
دیوار کوبهاي سوزندوزي )مثالً، سوزنزنیریز، سوزن چلیپایی(، حتی دوخته و مهیا.",58050000,321
"ـ پارچههاي مخمل و پلوش تار و پودباف ) از جمله پارچههاي حوله­باف اسفنجی و پارچههاي
اسفنجی )پرز حلقوي( همانند( و پارچههاي شنیل",58061000,322
ـ سایر پارچههاي تار و پودباف، داراي حداقل 5 درصد وزنی نخ کششپذیر یا نخ کائوچویی,58062000,323
ـ ـ از پنبه,58063100,324
ـ ـ از الیاف سنتتیک یا مصنوعی,58063200,325
ـ ـ ـ نواربافی ابریشمی دستباف )پنبافی، گارتبافی(,58063910,326
ـ ـ ـ سایر,58063990,327
ـ پارچه متشكل از تار و بدون پود، که به وسیله چسب به هم متصل شده است )Bolducs(,58064000,328
ـ تار و پودباف,58071000,329
ـ سایر,58079000,330
ـ قیطانبافها به صورت توپ,58081000,331
ـ سایر,58089000,332
"پارچههاي تار و پودباف از نخ فلزي و پارچههاي تار و پود باف از نخهاي نسجی جورشده با فلز مشمول
شماره  05  56، از انواعی که براي پوشاك، مبلمان یا مصارف همانند به کار میروند، که در جاي",58090000,333
ـ گلدوزي و قالبدوزي بدون زمینه نمایان,58101000,334
ـ ـ از پنبه,58109100,335
ـ ـ از الیاف سنتتیک یا مصنوعی,58109200,336
ـ ـ از سایر مواد نسجی,58109900,337
"محصوالت نسجی الیهدوزي شده به صورت توپ، متشكل از یک یا چندالیه ازمواد نسجی که با
الیهگذاري از طریق به هم دوختن یا به نحوي دیگر، غیر از گلدوزي و قالبدوزي مشمول شماره 10",58110000,338
