name,tariff_code,index
ـ ـ از پنبه,63022100,451
ـ ـ از سایر مواد نسجی,63023900,452
ـ شستنیهاي توالت یا آشپزخانه، از پارچههاي حولهباف اسفنجی )پرز حلقوي( همانند، از پنبه,63026000,453
--- رودوزيهاي سنتی,63041110,454
--- انواع رومیزي با رودوزيهاي سنتی,63049910,455
چادر مسافرتی و کوهنوردي,63061900,456
چادر ماشین سواري,63062900,457
ـ کفشور، قاب دستمال، قابشور، گردگیر و سایر پارچههاي همانند براي تمیز کردن,63071000,458
ـ ـ ـ زیورآالت و اشیاي تزئینی از نمد,63079020,459
"مجموعهها متشكل هستند از پارچههاي تار و پودباف و نخ، حتی داراي متفرعات، براي آمادهکردن آنها
به صورت قالیچه، دیوارکوب، رومیزي و دستمال سفره گلدوزي و قالبدوزي شده، یا اشیاء نسجی",63080000,460
