name,tariff_code,index
ـ آبمعدنی و آب گازدار شده,22011000,95
ـ سایر,22019000,96
داراي قند یا ماده شیرین کننده افزوده دیگر یا طعم دار شده,22021000,97
ماء الشعیر بدون الكل,22029100,98
--- مكملهاي غذایی مایع,22029910,99
--- سایر,22029990,100
ـ ـ ـ سرکه بالزامیک با بسته­بندي 5 لیتر و کمتر,22090010,101
ـ ـ ـ سایر سرکه­هاي بالزامیک,22090020,102
ـ ـ ـ سایر,22090090,103
