name,tariff_code,index
ـ مارچوبه,7092000,1
ـ سفالینههاي شیشهاي )Glass-ceramics(,70131000,502
ـ ـ ـ ساخته شده به صورت دستی با کلیشه یا به­گونهاي دیگر تزئین شده,70132210,503
ـ ـ ـ ساخته شده به صورت ماشینی با کلیشه یا به­گونهاي دیگر تزئین شده,70132220,504
ـ ـ از کریستال سربدار,70133300,505
ـ ـ ـ ساخته شده به صورت ماشینی )ظروف شیشه اي(,70134190,506
ـ ـ ـ اوپال,70134210,507
ـ ـ ـ سایر,70134290,508
ـ ـ ـ اوپال,70134910,509
ـ ـ ـ سایر,70134990,510
ـ ـ ـ ساخته شده به­صورت ماشینی,70139190,511
ـ ـ ـ سایر )ظروف شیشه اي- ماشینی(,70139990,512
ـ شیشههاي عینک طبی,70151000,513
ـ ـ ـ منجوقهاي شیشهاي تراش خورده و به صورت مكانیكی پولیش شده,70181010,514
ـ ـ ـ سایر منجوقهاي شیشهاي,70181020,515
ـ ـ ـ مرواریدهاي بدلی,70181030,516
ـ ـ رشتههاي  بریده  شده )CHOPPED STRANDS( که در ازاي آنها از 50 میلیمتر بیشتر نباشد,70191100,517
ـ ـ خامه )Roving(,70191200,518
ـ ـ ـ به صورت رشتهاي )تار(,70191910,519
ـ ـ ـ به صورت الیاف STAPLE,70191990,520
