name,tariff_code,index
ـ سبزیجات هموژنیزه,20051000,46
ـ نخود فرنگی )Pisum sativum(,20054000,47
ـ ـ لوبیا به صورت دانه,20055100,48
ـ ـ سایر,20055900,49
ـ مارچوبه,20056000,50
ـ ذرت شیرین Zea mays( نوع )Saccharata,20058000,51
ـ ـ جوانه بامبو,20059100,52
ـ ـ ـ سایر,20071090,53
پوره میوه هاي گرمسیري )موز، انبه، پشن فروت ، آناناس، لیچی(,20079910,55
ـ ـ ـ پوره میوههاي گرمسیري )موز، انبه، پشنفروت، لیچی، آناناس و تمبر هندي(,20079910,54
ـ ـ بادام زمینی,20081100,56
ـ ـ سایر، همچنین مخلوطها,20081900,57
ـ آناناس - در ظرفی که حداقل10 کیلوگرم گنجایش داشته باشد,20082010,58
ـسایر,20082090,59
ـ ـ ـ انبه در ظرفی که حداقل10 کیلوگرم گنجایش داشته باشد,20089910,61
ـ ـ ـ انبه در ظرفی که حداقل10 کیلوگرم گنجایش داشته باشد,20089910,60
ـ ـ ـ آلوئه­ورا در ظرفی که حداقل10 کیلوگرم گنجایش داشته باشد,20089920,62
ـ ـ با یک مقیاس بریكس که از 20 تجاوز نكند,20094100,63
ـ ـ ـ سایر,20094990,64
ـ ـ آب قرهقاط,20098100,65
ـ ـ ـ آب میوه تغلیظ شده )کنسانتره موز، انبه، گواوا، پشن فروت و لیچی(,20098910,66
ـ ـ ـ سایر,20098990,67
ـ مخلوطهاي آبمیوه و سبزیجات,20099000,68
