name,tariff_code,index
ـ سربطري، سرپوش، کالهک و سایر درپوشها,39235000,175
ـ ـ ـ ظروف لولهاي )تیوب( جهت کرم و پماد,39239010,176
ـ ـ ـ سایر,39239090,177
ظروف مالمین )ظروف سر میز و لوازم آشپزخانه(,39241010,179
ـ ـ ـ ظروف مالمین,39241010,178
ـ ـ ـ سایر,39241090,180
ـ سایر,39249000,181
ـ پشت دري و پشت پنجرهاي، پرده ) از جمله پرده کرکره( و اشیاي همانند و اجزاء و ملحقات آنها,39253000,182
ـ لوازم براي دفتر کار و مدارس,39261000,183
ـ ـ ـ جهت مصارف پزشكی,39262010,184
ـ ـ ـ سایر لباس و متفرعات لباس از مواد پالستیكی,39262090,185
ـ یراق آالت براي مبل، براي بدنه وسایل نقلیه یا همانند,39263000,186
ـ مجسمههاي کوچک و سایر اشیاي تزئینی,39264000,187
ـ ـ ـ واشر پلیاتیلن درب شیشه دارو,39269050,188
ـ ـ ـ ـ نوار پالستیكی داراي برآمدگی­هاي قالب مانند  )hook( در یک سطح جهت پوشک,39269092,189
