name,tariff_code,index
ـ فرآوردههاي مناسب براي نوزادان یا کودکان، عرضه شده براي خرده­فروشی,19011000,28
ـ مخلوط و خمیرها براي تهیه محصوالت خبازي، نان شیرینیسازي یا بیسكویتسازي شماره 05  19,19012000,29
ـ ـ ـ خوراك دام جایگزین شونده شیر دامی مطابق استاندارد ملی 2388,19019010,30
ـ ـ حاوي تخممرغ,19021100,31
ـ ـ سایر,19021900,32
ـ خمیرهاي غذایی پر شده ) حتی پخته شده یا آماده شده به نحوي دیگر(,19022000,33
ـ سایر خمیرهاي غذایی,19023000,34
"تاپیوکا و بدلهاي آن تهیه شده از فكول )نشاسته(، به شكل ورقه )Flake(، دانه )Grain(، دانههاي
غلطان )Pearl(، نخاله غربال )Sifting(، یا به اشكال همانند.",19030000,35
ـ فرآوردههاي غالت که با عمل پفکردن یا تفت دادن به دست آمده باشد.,19041000,36
"ـ فرآوردههاي غذایی حاصل از برگه غالت تفت داده نشده یا از مخلوط برگههاي غالت تفت داده نشده
و برگههاي غالت تفت داده شده یا غالت پف کرده.",19042000,37
ـ خرده گندم برشته,19043000,38
ـ سایر,19049000,39
ـ نان خشک و ترد )Crispbread(، موسوم به «کنكه بروت» )knackebrot(,19051000,40
ـ نان زنجبیلی و همانند,19052000,41
ـ ـ بیسكوئیتهایی که به آنها مواد شیرینکننده افزودهاند,19053100,42
ـ ـ وافلها و ویفرها,19053200,43
ـ نان سوخاري )Rusks(، نان برشته شده و محصوالت برشته شده مشابه,19054000,44
ـ ـ ـ سایر,19059090,45
