name,tariff_code,index
ـ ـیک ال,55101100,288
ـ ـ چندال )تابیده(یا کابله,55101200,289
ـ سایر نخها، که عمدتاً یا منحصراً با پشم یا موي نرم )کرك( حیوان مخلوط شده باشند,55102000,290
ـ سایر نخها، که عمدتاً یا منحصراً با پنبه مخلوط شده باشند,55103000,291
ـ سایر نخها,55109000,292
ـ ـ سفیدنشده یا سفید شده,55121100,293
ـ ـ  سایر پارچههاي تار و پودباف,55134900,294
