name,tariff_code,index
ـ که با آرشه نواخته میشوند,92021000,875
ـ آالت بادي ـ برنجی,92051000,876
آالت شستی دار,92071000,877
ـ جعبه موزیک,92081000,878
ـ سایر,92089000,879
ـ سیم و زه آالت موسیقی,92093000,880
ـ ـ اجزاء و قطعات و متفرعات پیانو,92099100,881
ـ ـ اجزاء و قطعات و متفرعات براي آالت موسیقی مشمول شماره 02  92,92099200,882
ـ ـ اجزاء و قطعات و متفرعات براي آالت موسیقی مشمول شماره 07  92,92099400,883
ـ ـ سایر,92099900,884
