name,tariff_code,index
---- با موتور برقی,95030011,890
---- سایر,95030019,891
--- انواع عروسک,95030020,892
--- انواع پازل,95030030,893
--- پرندههاي اسباببازي با برد حداکثر 100 متر و توان 5 دقیقه پرواز با دوربین یا بدون آن,95030040,894
--- سایر,95030080,895
--- اجزاء و قطعات,95030090,896
ـ ـ ـ میز بیلیارد حتی به همراه اشیاء و متفرعات استاندارد مربوطه,95042010,897
--- دسته بازي براي بازي با رایانه یا سایر کنسول­هاي بازي,95045010,898
=--- سایر دسته بازي,95045090,899
ـ ـ ـ میز اسنوکر حتی به همراه اشیاء و متفرعات استاندارد مربوطه,95049010,900
ـ ـ ـ ادوات براي بازي بولینگ,95049020,901
ـ اشیاء براي جشنهاي کریسمس,95051000,902
ـ سایر اشیاء,95059000,903
ـ ـ اسكی,95061100,904
ـ ـ لوازم بستن اسكی )بند اسكی(,95061200,905
ـ ـ ـ چوب دستی اسكی,95061910,906
ـ ـ ـ سایر ادوات,95061990,907
ـ ـ تخته شناور شراعی,95062100,908
ـ ـ سایر,95062900,909
ـ ـ چوگان،کامل,95063100,910
ـ ـ ـ توپ گلف,95063210,911
ـ ـ ـ سایر راکت ها,95063290,912
ـ ـ سایر توپها,95063900,913
ـ ـ ـ راکت,95064010,914
ـ ـ ـ توپ تنیس روي میز,95064020,915
ـ ـ ـ سایر اشیائ,95064090,916
ـ ـ راکت تنیس، حتی زهدار,95065100,917
ـ ـ ـ راکت بدمینتون,95065910,918
ـ ـ ـ سایر,95065990,919
ـ ـ توپ تنیس روي چمن,95066100,920
ـ ـ ـ توپ فوتبال، بسكتبال، والیبال، هندبال,95066210,921
ـ ـ ـ توپ مخصوص نابینایان,95066220,922
ـ ـ ـ سایر اشیاء مخصوص ورزش نابینایان,95066290,923
ـ ـ ـ توپ تنیس به استثناي تنیس روي چمن و روي میز,95066910,924
ـ ـ ـ توپ اسكواش و هاکی,95066920,925
ـ ـ ـ گوي )توپ( رنگی مخصوص ورزش پینتبال,95066930,926
ـ ـ ـ توپ سپک تاکرا,95066940,927
ـ ـ ـ سایر توپ مخصوص ورزش نابینایان,95066990,928
- اسكیت روي یخ و اسكیت روي زمین، همچنین کفشهاي اسكیتینگ داراي ملحقات اسكیت,95067000,929
ـ ـ ـ دستگاه  Treadmills,95069110,930
ـ ـ ـ سایر,95069190,931
ـ ـ ـ چوب هاکی,95069910,932
ـ ـ ـ توپپردار بدمینتون اعم از طبیعی یا مصنوعی,95069920,933
ـ ـ ـ تخته برف سواري,95069930,934
ـ ـ ـ سایر,95069990,935
ـ چوبهاي ماهیگیري,95071000,936
ـ قالبهاي ماهیگیري، حتی متصل به زه کوتاه ماهیگیري,95072000,937
ـ قرقرههاي ماهیگیري,95073000,938
ـ سایر,95079000,939
