name,tariff_code,index
ـ ـ فقط با نمایشگر مكانیكی,91021100,857
ـ ـ فقط با نمایشگر اوپتوالكترونیكی,91021200,858
ـ ـ سایر,91021900,859
ـ ـ با کوك خودکار,91022100,860
ـ ـ سایر,91022900,861
ـ ـ که با برق کار میکنند,91029100,862
ـ ـ سایر,91029900,863
ـ که با برق کار میکنند,91031000,864
ـ سایر,91039000,865
ـ ـ که با نیروي برق کار میکنند,91051100,866
ـ ـ سایر,91051900,867
ـ ـکه با نیروي برق کار میکنند,91052100,868
ـ ـ سایر )ساعت هاي دیواري(,91052900,869
ـ ـ که با نیروي برق کار میکنند,91059100,870
ـ ـ سایر,91059900,871
ـ ـ ـ زمانسنج عملیات زنگدار,91069010,872
ـ ـ ـ سایر,91069090,873
ـ از فلزات گرانبها یا از فلزات داراي روکش یا پوشش از فلزات گرانبها:,91131000,874
