name,tariff_code,index
"کاله و سایر پوششهاي سر، کشباف یا قالبباف، یا تهیه شده از دانتل، نمد یا سایر پارچههاي نسجی،
به صورت توپ )ولی نه به صورت نوار(، حتی آستري شده  یا  تزئین شده، تور از هر ماده، حتی",65050000,478
--- کاله ایمنی موتورسواران یا دوچرخه­سواران,65061080,479
ـ ـ ـ سایر,65061090,480
ـ ـ از کائوچو یا از مادة پالستیک,65069100,481
نوار داخلی، آستر، روپوش، اسكلت کاله، آفتابگیر و بند زیر چانه، براي کاله.,65070000,482
