name,tariff_code,index
ـ ـ ـ در بستهبنديهاي کمتر از ده کیلوگرم,18010010,19
ـ ـ ـ سایر,18010090,20
کره، چربی و روغن کاکائو.,18040000,21
ـ ـ ـ در بستهبنديهاي کمتر از ده کیلوگرم,18050010,22
ـ ـ ـ سایر,18050090,23
ـ پودر کاکائو حاوي قند یا شكر یا سایر مواد شیرینکننده افزوه شده به آن,18061000,24
"ـ سایر فرآوردهها به صورت بلوك )Block(، تخته )Slab(، قلم یا میله )Bar( به وزن بیش از 2
کیلوگرم، یا به حالت مایع، خمیر، پودر، دانهریز )Granule( یا به صورت فله در ظروف یا",18062000,25
ـ ـ پر شده )Filled(,18063100,26
ـ ـ پرنشده.,18063200,27
