name,tariff_code,index
ـ ـ ـ قلمزنی، صنایع دستی,74181010,532
ـ ـ ـ فیروزهکوب، صنایع دستی,74181020,533
ـ ـ ـ میناکاري شده، صنایع دستی,74181030,534
سایر؛ اجزاء و قطعات,74181090,535
ـ لوازم بهداشتی یا پاکیزگی و اجزاء و قطعات آنها,74182000,536
ـ زنجیر و اجزاء و قطعات آن,74191000,537
"ـ ـ ریختهگريشده، قالبریزي شده، پرسشده یا آهنگريشده، لیكن کار بیشتر روي آن انجام نشده
باشد",74199100,538
ـ ـ ـ قلمزنی، صنایع دستی,74199910,539
ـ ـ ـ فیروزهکوب، صنایع دستی,74199920,540
ـ ـ ـ میناکاري شده، صنایع دستی,74199930,541
ـ ـ ـ صنایع دستی از ورشو,74199940,542
ـ ـ ـ سایر,74199990,543
