name,tariff_code,index
"ـ ـ ـ مصنوعات چوبی صنایع دستی شامل خراطی، معرق و مشبک، منبت، نازكکاري، نقاشی روي
چوب، خاتم",44191110,205
ـ ـ ـ سایر,44191990,206
ـ ـ ـ سایر,44199090,207
سایر صنایع دستی شامل خراطی، معرق، مشبک،نازك کاري، منبت ، نقاشی روي چوب و خاتم,44201030,208
--- ست لوازم اداري خاتم,44209050,209
--- صنایع دستی شامل خراطی، معرق، مشبک، نازكکاري، منبت، نقاشی روي چوب، خاتم,44211010,210
