name,tariff_code,index
ـ ـ سایر)کفش هاي ضد آب و ...(,64019900,461
ـ ـ ـ کفش براي اسكی روي برف و کفش براي تخته برف سواري )Snowboard(,64021210,462
ـ ـ ـ کفشهاي اسكی,64021220,463
ـ ـ ـ کفشهاي دومیدانی زیرپیچدار و میخدار,64021910,464
ـ ـ سایر )کفشهایی که تخت بیرونی و رویه آنها از کائوچو یا پالستیک باشند(,64029900,465
ـ ـ ـ کفش براي اسكی روي برف و کفش براي تخته برف سواري )Snowboard(,64031210,466
ـ ـ ـ کفشهاي اسكی,64031220,467
ـ ـ ـ کفشهاي دو و میدانی زیرپیچدار و میخدار,64031910,468
ـ ـ ـ پوتین مخصوص موتورسواري,64031920,469
"ـ کفش با تخت بیرونی از چرم طبیعی، و رویه متشكل از تسمههایی که از چرم طبیعی که از روي
برآمدگی پا عبور و شست پا را دور میزند",64032000,470
ـ ـ ـ کفش دو میدانی زیر پیچ دار و میخ دار,64041110,472
ـ ـ ـ کفشهاي دو و میدانی زیرپیچدار و میخدار,64041110,471
ـ ـ ـ کفش مخصوص دوچرخه سواري داراي قفل براي چفت روي پدال,64041120,473
ـ ـ ـ سایر,64041190,474
ـ ـ سایر,64041900,475
ـ کفش با تخت بیرونی از چرم طبیعی یا چرم دوباره ساخته شده,64042000,476
ـ ـ ـ سایر,64052090,477
