name,tariff_code,index
کولر اسپیلت,84151010,621
سایر کولرها,84151090,622
اجزا و قطعات کولر,84159010,623
ـ ـ ـ پكیچ دومنظوره )آبگرم بهداشتی و گرمایشی(,84191110,624
ـ ـ ـ سایر,84191190,625
"ـ ـ براي تهیه کردن نوشیدنیهاي گرم یا براي پختن و یا گرم کردن
غذا",84198100,626
ـ ـ ـ فیلترهاي مخصوص دستگاه تصفیه آب,84212110,627
ـ ـ از نوع خانگی,84221100,628
"- ترازوي توزین اشخاص، همچنین ترازوي توزین نوزادان، ترازوهاي
خانگی",84231000,629
با توزین حداکثر 30 کیلوگرم,84238100,630
کارواش خانگی,84243010,631
پاشنده هاي قابل حمل مورد استفاده در کشاورزي و باغبانی,84244100,632
--- اتو پرس از نوع خانگی,84513010,633
چرخ دوزندگی از نوع خانگی,84521000,634
دریل از هر نوع,84672100,635
اره ها,84672200,636
دستگاه سنگ زنی دستی مجهز به موتور برقی,84672920,637
اره زنجیري,84678100,638
مجموعه قیچی برقی و وسایل برقی دستی باغبانی,84678910,639
ـ ـ ـ ماشینهاي خودکار دادهپردازي شخصی )PC( به صورت کامل,84713010,640
ـ ـ ـ ماشینهاي خودکار دادهپردازي شخصی )PC( کیفی )Note Book(,84713020,641
ـ ـ ـ ماشین خودکار دادهپردازي بریل گویا ویژه نابینایان,84713030,642
--- رایانه لوحی )tablet PC( با صفحهنمایش لمسی حداقل 7 اینچ حتی با قابلیت نصب سیم کارت,84713040,643
ـ ـ ـ سایر,84713090,644
ـ ـ ـ ماشینهاي خودکار دادهپردازي شخصی )PC( بهصورت کامل,84714110,645
ـ ـ ـ ماشینهاي خودکار دادهپردازي  بریل گویا ویژه نابینایان,84714120,646
ـ ـ ـ سایر,84714190,647
ـ ـ ـ ماشین خودکار داده پردازي شخصی )PC( به صورت کامل,84714910,648
ـ ـ ـ ماشین خودکار داده پردازي بریل گویا ویژه نابینایان,84714920,649
"ـ ـ ـ ماشینهاي خودکار دادهپردازي بهصورت یكپارچه شامل چاپگر، اسكنر، فتوکپی، فاکس، تلفن،
تلویزیون، دوربین عكاسی، فیلمبرداري و دیسکخوان نوري قرار داده شده در یک محفظه",84714930,650
ـ ـ ـ سایر,84714990,651
"ـ ـ ـ جعبه کامپیوتر شخصی )PC( شامل کلیه واحدها و متفرعات داخلی از جمله درایوها، بردها،
حافظه و هارد و غیره",84715010,652
"ـ ـ ـ دستگاه کامل کامپیوتر SERVER شامل کلیه واحدها و متفرعات داخلی از جمله درایوها،
بردها، حافظه، هارد و کارت شبكه بدون واحدهاي ورودي و خروجی",84715020,653
ـ ـ ـ سایر,84715090,654
ـ ـ ـ صفحه کلید,84716010,655
ـ ـ ـ موشواره,84716020,656
ـ ـ ـ نمایشگر لمسی بریل ویژه نابینایان,84716030,657
ـ ـ ـ سایر,84716090,658
--- دیسکخوان نوري,84717010,659
--- سایر,84717090,660
ـ ـ ـ انواع بردها شامل برد اصلی )Mainboard(، گرافیک، صدا و ویدئو,84718010,661
=--- سایر قطعات کامپیوتر,84718090,662
--- دستگاه رمزخوان براي کلید قفل,84719010,663
--- سایر قطعات کامپیوتر,84719090,664
"ـ ـ ـ اجزاء و قطعات غیرالكتریكی و غیر الكترونیكی با ملحقات مورد مصرف در تجهیزات انواع ماشین
هاي خودکار داده پردازي )صفحه کلید، جعبه رایانه، موشواره و ...(",84733020,665
ـ ـ ـ برد کامل مونتاژ شده جهت واحدهاي ورودي و خروجی رایانه ) صفحه کلید و موشواره(,84733030,666
--- پردازشگر رایانه )CPU(,84733040,667
--- پانل جلوي جعبه رایانه,84733050,668
--- حافظه فرار رایانه )RAM(,84733060,669
ـ ـ ـ سایر) انواع برد(,84733090,670
--- شیر آالت بهداشتی، شیر مخلوط حمام و دستشویی، روشویی، ظرفشویی و پیسوار,84818010,671
--- شیر مخصوص دستگاههاي تصفیه آب خانگی,84818011,672
--- شیر فلكه کشویی )gate valve( از جنس برنج لغایت سه اینچ,84818015,673
--- شیرفلكه کشویی )gate valve( از جنس فوالدي یا چدنی تا 56 اینچ,84818016,674
--- شیر توپی )Ball valve( از جنس برنج لغایت  5/2 اینچ,84818020,675
--- شیر توپی )Ball valve( از جنس فوالدي یا چدنی تا 56 اینچ,84818021,676
--- شیر مخصوص ظروف اسپري,84818025,677
--- شیر مخصوص اجاق گاز )ترموکوبل­دار(,84818036,678
--- شیر مخصوص اجاق گاز )ترموستاتیک(,84818037,679
--- شیر توپی پالستیكی,84818083,680
ـ ـ ـ مربوط به خودروهاي سواري و وانت,84841010,681
ـ ـ ـ مربوط به خودروهاي اتوبوس، مینیبوس، کامیون و کامیونت، ماشینآالت راهسازي و کشاورزي,84841020,682
