name,tariff_code,index
ـ ـ از لیموترش,33011300,105
ـ ـ  سایر,33011900,106
ـ ـ از نعناي صحرایی )Mentha piperita(,33012400,107
ـ ـ از سایر نعناها,33012500,108
ـ ـ ـ از بادرنجبویه، مرزه، زیره سبز، رازیانه، پونه، اسطوخودوس و کرچک,33012920,109
ـ ـ ـ از ترخون,33012930,110
ـ ـ ـ از آویشن باغی,33012950,111
ـ شبه رزینها )رزینووئیدها(,33013000,112
ـ ـ ـ اسانسهاي مورد مصرف در صنایع شوینده، آرایشی و بهداشتی,33029010,113
ـ ـ ـ سایر,33029090,114
ـ ـ ـ عصاره حنا,33030010,115
سایر )عطریات و ادوتوالت ها(,33030090,116
ـ ـ ـ در بسته­بندي آماده براي خرده­فروشی,33041010,117
ـ ـ ـ مغز مداد آرایشی,33042010,118
ـ ـ ـ در بسته­بندي آماده براي خرده­فروشی,33042020,119
ـ ـ ـ در بسته­بندي آماده براي خرده­فروشی )آرایش ناخن دست و پا(,33043010,120
ـ ـ ـ در بسته­بندي آماده براي خرده­فروشی,33049110,121
ـ ـ ـ ژل قابل تزریق زیر پوست,33049910,122
ـ ـ ـ سایر,33049990,123
ـ شامپوها,33051000,124
ـ فرآوردهها براي فر زدن دائمی یا بازکردن مو,33052000,125
ـ فیكساتور مو )Hair lacquer(,33053000,127
ـ فیكساتور مو )Hair lacquer(,33053000,126
ـ ـ ـ در بسته­بندي آماده براي خرده­فروشی,33059010,128
مواد پاك کننده دندان,33061000,129
ـ نخ مورد استفاده براي پاك کردن بین دندانها  )Dental floss(,33062000,130
ـ ـ تثبیت کننده دندان مصنوعی,33069010,131
ـ ـ  سایر فرآورده ها براي بهداشت دهان یا دندان به صورت بسته هاي خرده فروشی,33069090,132
ـ فرآوردهها براي قبل از اصالح،حین اصالح و بعد از اصالح صورت,33071000,133
ـ فرآوردهها براي قبل از اصالح،حین اصالح و بعد از اصالح صورت,33071010,134
بوزداهاي بدن و ضد ترشح عرق,33072000,136
ـ بوزداهاي بدن و ضد ترشح عرق,33072000,135
ـ امالح معطر و سایر فرآوردهها براي استحمام,33073000,137
ـ ـ عود )Agarbatti( و سایر فرآوردههاي معطرکننده که با سوختن عمل میکنند,33074100,138
ـ ـ سایر,33074900,139
ـ ـ ـ مایع مخصوص شستشوي لنزهاي چشمی,33079010,140
ـ ـ ـ دستمال مرطوب بهداشتی و آرایشی,33079020,141
