name,tariff_code,index
"به وزن هر متر مربع حداقل 40 گرم و حداکثر 150 گرم بصورت ورق که به حالت تانشده یک ضلع
آن  از 435 میلیمتر و ضلع دیگر آن297 میلیمتر بیشتر نباشد",48025600,211
کاغد از انواعی که به عنوان کاغذ توالت یا دستمال کاغذي، حوله پاك کردن آرایش ، دست پاك کن,48030000,212
ـ دستمال، دستمال پاكکردن آرایش و حوله,48182000,213
ـ رومیزي و دستمال سفره,48183000,214
ـ کارتن، قوطی وجعبه، از کاغذ یا مقواي موجدار,48191000,215
"ـ دفاتر ثبت، دفاتر حسابداري، دفاتر )یادداشت، سفارش، رسید(، دستههاي کاغذ یادآوري، دفاتر
یادداشت روزانه و اشیاي همانند",48201000,216
ـ دفترچه مشق,48202000,217
ـ جلد )غیر از جلد کتاب(، پوشه و جلد پرونده,48203000,218
