name,tariff_code,index
"ـ ـ ـ اجزاء و قطعات دستگاههاي گرماتاب که در آنها انتقال حرارت به روش تابش بوده و با سوخت
گاز کار میکند",73229010,528
ـ تبر و تیشه، دهره و ابزارهاي برنده همانند,82014000,548
ـ قیچی پرچینبر، قیچی باغبانی و ابزارهاي همانند که با دو دست کار میکند,82016000,552
ـ قیچی پرچینبر، قیچی باغبانی و ابزارهاي همانند که با دو دست کار میکند,82016090,553
"ـ سایر ابزارهاي دستی از نوعی که در کشاورزي، باغبانی و گلكاري یا جنگلداري مورد استفاده قرار
میگیرد",82019000,554
ـ سوهان،چوب ساب و ابزارهاي همانند,82031000,563
ـ انبردست )از جمله انبردستهاي برنده(، گازانبر، مقاش و ابزارهاي همانند,82032000,564
ـ قیچی فلزبري و ابزارهاي همانند,82033000,565
ـ لولهبر، پیچبر، منگنه سوراخکن و ابزارهاي همانند,82034000,566
ـ ابزار براي سوراخکردن، حدیدهکردن یا قالویز کردن,82051000,571
ـ رنده، اسكنه، مغار و ابزارهاي برنده همانند براي کار روي چوب,82053000,573
"ابزارهاي مشمول حداقل دو شماره از شمارههاي  02  82، لغایت 05  82 آمادهشده به صورت
مجموعه براي خردهفروشی.",82060000,581
ـ ـ سایر ابزارهاي تراش  به انضمام اجزاء و قطعات,82071900,583
ـ ابزارها براي پرسکردن، منگنهکردن یا پانچکردن,82073000,586
ـ ابزارها براي قالویزکردن یا حدیدهکردن,82074000,587
ـ ابزار براي صیقلکردن جدار داخلی یا براي برقوزدن,82076000,590
ـ ابزارها براي فرزکردن,82077000,591
ـ ابزارها براي خراطی کردن,82078000,592
ـ سایر ابزارهاي تعویضی,82079000,593
صفحه کوچک، قلم )Stick(، نوك )Tip( و اشیاي همانند براي ابزارها، سوارنشده، از سرمتها.,82090000,599
ابزار مانیكور,82142000,615
ـ ـ ـ فیلترهاي مخصوص دستگاه تصفیه آب,84212110,627
دستگاه سنگ زنی دستی مجهز به موتور برقی,84672920,637
"ـ ـ ـ دستگاه کامل کامپیوتر SERVER شامل کلیه واحدها و متفرعات داخلی از جمله درایوها،
بردها، حافظه، هارد و کارت شبكه بدون واحدهاي ورودي و خروجی",84715020,653
--- دستگاه رمزخوان براي کلید قفل,84719010,663
--- شیر مخصوص دستگاههاي تصفیه آب خانگی,84818011,672
ـ آسیاب و مخلوطکنهاي مواد خوراکی، دستگاههاي آبمیوهگیر و آب سبزيگیر,85094000,710
ـ ـ ـ دستگاه بخور التراسونیک غیر از نبوالیزرهاي مشمول ردیف 10  20  9019,85098010,711
ـ دستگاههاي موزدایی,85103000,717
ـ دستگاههاي روشنایی یا عالمت دادن بصري از انواع مورد استفاده براي دوچرخه,85121000,719
ـ ـ ـ دستگاه جوش لیزري یا پرتو نوري,85158020,722
ـ ـ ـ دستگاههاي آبگرمكن و آب سردکن توام خانگی,85161010,723
ـ ـ سایر دستگاههاي آرایش مو,85163200,725
ـ ـ دستگاههاي خشککردن دست,85163300,726
ـ ـ دستگاههاي درست کردن قهوه یا چاي,85167100,729
ـ ـ دستگاه برشته کردن نان )Toasters(,85167200,730
ـ ـ دستگاههاي تلفن با سیم )Line( با گوشیهاي بیسیم )Cordless(,85171100,733
ـ ـ ـ سایر دستگاههاي تلفن,85171290,735
ـ ـ ـ سایر دستگاهها براي شبكه رادیویی تلفنی,85171890,738
--- دستگاه گیرنده و فرستنده نوري- رادیویی از قبیل SDH-PDH-DWDM در تمامی ظرفیت­ها,85176110,739
ـ ـ ـ دستگاههاي سوئیچینگ )Switching( تلفنی یا تلگرافی,85176210,740
ـ ـ ـ سایر دستگاهها,85176290,744
ـ دستگاههاي برقی تقویتکننده صوت,85185000,763
"--- نمایشگرهاي توام شده با دستگاه پخش ویدئو حتی بازي )game( فاقد گیرنده تلویزیون از نوع
قابل نصب بر روي صندلی یا سقف وسایل نقلیه )Headrest or Ceiling Car DVD Player(",85219010,770
--- دستگاه موقعیتیاب جهانی,85269110,777
--- دستگاه کنترل از راه دور براي پرندههاي بدون سرنشین,85269210,778
--- دستگاه بازگشایی قفلهاي ریموتدار با تنظیم و ارسال امواج,85269220,779
"ـ ـ ـ دستگاه پخش رادیویی داراي ضبط یا پخش صوت دیجیتالی با قابلیتهاي MP‏3 و غیره از نوع
پرتابل به وزن کمتر از 2 کیلوگرم",85271310,782
ـ ـ دستگاه تولید نور آذرخشی با المپ تخلیه )الكترونیكی(,90066100,826
ـ سایر آالت و دستگاهها,90148000,842
ـ ـ ـ دستگاه  Treadmills,95069110,930
