name,tariff_code,index
ـ ـ ـ در بستهبندي آماده براي خردهفروشی به وزن یک کیلوگرم و کمتر,9011110,7
ـ ـ ـ دربستهبندي آماده براي خرده­فروشی به وزن یک کیلوگرم و کمتر,9011210,8
چاي سبز )تخمیر نشده( عرضه شده در بسته هاي اولیه که محتوي آن از سه کیلوگرم بیشتر نباشد,9021000,9
چاي کیسه اي,9023010,10
"ـ چاي سیاه )تخمیر شده( و چاي جزئاً تخمیر شده، عرضه شده در بستههاي اولیه که محتوي آن از□
3 کیلوگرم بیشتر نباشد: ـ ـ ـ",9023090,11
ـ ـ ـ انواع چاي سیاه)باالي 3کیلوگرم تا 10 کیلوگرم(,9024010,12
ـ ـ ـ در بستهبندي آماده براي خردهفروشی به وزن پانصد گرم و کمتر )فلفل(,9041210,13
ـ ـ ـ در بستهبندي آماده براي خردهفروشی به وزن پانصد گرم و کمتر,9052010,14
روغن زیتون بسته بندي سه لیتر و کمتر,15091010,15
ـ ـ روغن خام,15121100,16
--- سایر,17049090,18
ـ ـ ـ در بستهبنديهاي کمتر از ده کیلوگرم,18010010,19
ـ ـ ـ سایر,18010090,20
ـ ـ ـ در بستهبنديهاي کمتر از ده کیلوگرم,18050010,22
ـ ـ ـ سایر,18050090,23
"ـ سایر فرآوردهها به صورت بلوك )Block(، تخته )Slab(، قلم یا میله )Bar( به وزن بیش از 2
کیلوگرم، یا به حالت مایع، خمیر، پودر، دانهریز )Granule( یا به صورت فله در ظروف یا",18062000,25
ـ ـ پر شده )Filled(,18063100,26
ـ ـ پرنشده.,18063200,27
ـ فرآوردههاي مناسب براي نوزادان یا کودکان، عرضه شده براي خرده­فروشی,19011000,28
ـ ـ سایر,19021900,32
ـ خمیرهاي غذایی پر شده ) حتی پخته شده یا آماده شده به نحوي دیگر(,19022000,33
ـ سایر خمیرهاي غذایی,19023000,34
"تاپیوکا و بدلهاي آن تهیه شده از فكول )نشاسته(، به شكل ورقه )Flake(، دانه )Grain(، دانههاي
غلطان )Pearl(، نخاله غربال )Sifting(، یا به اشكال همانند.",19030000,35
ـ فرآوردههاي غالت که با عمل پفکردن یا تفت دادن به دست آمده باشد.,19041000,36
"ـ فرآوردههاي غذایی حاصل از برگه غالت تفت داده نشده یا از مخلوط برگههاي غالت تفت داده نشده
و برگههاي غالت تفت داده شده یا غالت پف کرده.",19042000,37
ـ خرده گندم برشته,19043000,38
ـ سایر,19049000,39
ـ نان خشک و ترد )Crispbread(، موسوم به «کنكه بروت» )knackebrot(,19051000,40
ـ نان زنجبیلی و همانند,19052000,41
ـ ـ وافلها و ویفرها,19053200,43
ـ نان سوخاري )Rusks(، نان برشته شده و محصوالت برشته شده مشابه,19054000,44
ـ ـ ـ سایر,19059090,45
ـ نخود فرنگی )Pisum sativum(,20054000,47
ـ ـ سایر,20055900,49
ـ ـ جوانه بامبو,20059100,52
ـ ـ ـ سایر,20071090,53
ـ ـ بادام زمینی,20081100,56
ـ ـ سایر، همچنین مخلوطها,20081900,57
ـسایر,20082090,59
ـ ـ ـ آلوئه­ورا در ظرفی که حداقل10 کیلوگرم گنجایش داشته باشد,20089920,62
ـ ـ با یک مقیاس بریكس که از 20 تجاوز نكند,20094100,63
ـ ـ ـ سایر,20094990,64
ـ ـ آب قرهقاط,20098100,65
ـ ـ ـ سایر,20098990,67
ـ ـ ـ قهوه قابل حل )قهوه فوري(,21011110,69
ـ ـ ـ سایر,21011190,70
ـ ـ فرآوردهها براساس عصارهها، اسانسها یا تغلیظ شدهها یا براساس قهوه,21011200,71
"ـ عصارهها، اسانسها و تغلیظ شدههاي چاي یا ماته؛ و فرآوردهها براساس این عصارهها، اسانسها یا
تغلیظ شدهها یا براساس چاي یا ماته",21012000,72
ـ کاسنی بو داده و سایر بدل قهوههاي بوداده و عصارهها، اسانسها و تغلیظ شده آنها,21013000,73
ـ مخمرهاي فعال,21021000,74
ـ بیكینگپودرآماده)Prepared baking powders(.,21023000,75
ـ  سس سویا,21031000,77
ـ سس سویا,21031000,76
ـآرد و زبره خردل و خردل آماده,21033000,78
ـ سایر,21039000,79
ـ فرآوردههاي غذایی مرکب )Composite(، هموژنیزه,21042000,80
بستنی و سایر شربتهاي یخزده )Edible ice(، حتی داراي کاکائو.,21050000,81
--- مواد پروتئینی تكستوره,21061010,82
ـ ـ ـ ـ مواد پروتئینی تكستوره سویا,21061011,83
---- سایر,21061019,84
ـ ـ ـ سایر,21061090,86
ـ ـ ـ استابیالیزر,21069010,87
ـ ـ ـ پودر حالت دهنده خوراکی,21069030,88
ـ ـ ـ ژل کیک,21069040,89
ـ ـ ـ آنتیاکسیدان,21069050,90
ـ ـ ـ بهبود دهنده,21069060,91
ـ ـ ـ مكمل غذایی در بسته بندي خرده فروشی,21069080,93
ـ ـ ـ مكمل غذایی,21069080,92
ـ ـ ـ سایر,21069090,94
ـ آبمعدنی و آب گازدار شده,22011000,95
ـ سایر,22019000,96
ماء الشعیر بدون الكل,22029100,98
--- مكملهاي غذایی مایع,22029910,99
--- سایر,22029990,100
ـ ـ ـ سرکه بالزامیک با بسته­بندي 5 لیتر و کمتر,22090010,101
ـ ـ ـ سایر سرکه­هاي بالزامیک,22090020,102
ـ ـ ـ سایر,22090090,103
--- چسب زخم انگشتی، چسب تزریق یا   خونگیري,30051010,104
ـ ـ از لیموترش,33011300,105
ـ ـ  سایر,33011900,106
ـ ـ از نعناي صحرایی )Mentha piperita(,33012400,107
ـ ـ از سایر نعناها,33012500,108
ـ ـ ـ از بادرنجبویه، مرزه، زیره سبز، رازیانه، پونه، اسطوخودوس و کرچک,33012920,109
ـ ـ ـ از ترخون,33012930,110
ـ ـ ـ از آویشن باغی,33012950,111
ـ شبه رزینها )رزینووئیدها(,33013000,112
ـ ـ ـ اسانسهاي مورد مصرف در صنایع شوینده، آرایشی و بهداشتی,33029010,113
ـ ـ ـ سایر,33029090,114
ـ ـ ـ عصاره حنا,33030010,115
سایر )عطریات و ادوتوالت ها(,33030090,116
ـ ـ ـ در بسته­بندي آماده براي خرده­فروشی,33041010,117
ـ ـ ـ مغز مداد آرایشی,33042010,118
ـ ـ ـ در بسته­بندي آماده براي خرده­فروشی,33042020,119
ـ ـ ـ در بسته­بندي آماده براي خرده­فروشی )آرایش ناخن دست و پا(,33043010,120
ـ ـ ـ در بسته­بندي آماده براي خرده­فروشی,33049110,121
ـ ـ ـ ژل قابل تزریق زیر پوست,33049910,122
ـ ـ ـ سایر,33049990,123
ـ شامپوها,33051000,124
ـ فرآوردهها براي فر زدن دائمی یا بازکردن مو,33052000,125
ـ فیكساتور مو )Hair lacquer(,33053000,127
ـ فیكساتور مو )Hair lacquer(,33053000,126
ـ ـ ـ در بسته­بندي آماده براي خرده­فروشی,33059010,128
مواد پاك کننده دندان,33061000,129
ـ نخ مورد استفاده براي پاك کردن بین دندانها  )Dental floss(,33062000,130
ـ ـ تثبیت کننده دندان مصنوعی,33069010,131
ـ ـ  سایر فرآورده ها براي بهداشت دهان یا دندان به صورت بسته هاي خرده فروشی,33069090,132
ـ فرآوردهها براي قبل از اصالح،حین اصالح و بعد از اصالح صورت,33071000,133
ـ فرآوردهها براي قبل از اصالح،حین اصالح و بعد از اصالح صورت,33071010,134
بوزداهاي بدن و ضد ترشح عرق,33072000,136
ـ بوزداهاي بدن و ضد ترشح عرق,33072000,135
ـ امالح معطر و سایر فرآوردهها براي استحمام,33073000,137
ـ ـ عود )Agarbatti( و سایر فرآوردههاي معطرکننده که با سوختن عمل میکنند,33074100,138
ـ ـ سایر,33074900,139
ـ ـ ـ مایع مخصوص شستشوي لنزهاي چشمی,33079010,140
ـ ـ ـ دستمال مرطوب بهداشتی و آرایشی,33079020,141
ـ ـ ـ صابون حمام و دستشویی,34011110,142
ـ ـ ـ صابون گلسیرینه,34011120,143
ـ ـ ـ صابون بچه,34011130,144
ـ ـ ـ صابون طبی,34011140,145
ـ ـ ـ مایع,34012010,146
ـ ـ ـ صنعتی,34012020,147
ـ ـ ـ پودر صابون در بسته بندي خرده فروشی,34012040,148
"ـ محصوالت و فرآوردههاي آلی تانسیو اکتیو که به منظور شست­ و شوي پوست بدن در نظر گرفته
شدهاند، به شكل مایع یا کرم، بستهبندي شده براي خرده فروشی حتی اگر حاوي صابون باشند",34013000,149
"ـ ـ ـ دترجنت قالبی، پودر، مایع، گرانول، قرص، ژل، کنسانتره و سایر فراوردههاي همانند با بستهبندي
حداکثر 5 کیلوگرم و مناسب براي شست و شوي دستی",34022010,150
---- قرص ماشین ظرفشویی,34022021,151
"سایر )پودر، مایع، گرانول، ژل ، قرص، کنستانتره و سایر فرآورده هاي همانند با بسته بندي 5 کیلوگرم
و کمتر(",34022029,152
"ـ ـ ـ پودر، مایع، گرانول، قرص، ژل، کنسانتره و سایر فرآورده­هاي همانند، در بستهبندي بیشتر از 5
کیلوگرم مناسب براي شست و شو یا پاکیزگی دستی و ماشینی",34029010,153
ـ ـ ـ پاكکنندههاي صنعتی,34029020,154
ـ ـ ـ مواد آبكاري,34029030,155
ـ ـ ـ سایرمواد اولیه آبكاري,34029090,157
ـ ـ فرآوردهها براي عمل آوردن مواد نسجی، چرم، پوستهاي نرم )Furskins( یا سایر مواد,34031100,158
--- روغن موتور,34031910,159
=--- سایر روان کننده ها,34031990,160
ـ ـ فرآوردهها براي عمل آوردن مواد نسجی، چرم، پوستهاي نرم یا سایر مواد,34039100,161
ـ ـ ـ روانکننده سیلیكونی,34039910,162
ـ ـ ـ سایر روان کننده ها,34039990,163
ـ ـ ـ از پلی اتیلن گلیكول,34042010,164
ـ ـ ـ از پلی­اکسی اتیلن,34042090,165
ـ سایر,34049000,166
ـ واکس­ها و فرآوردههاي همانند براي بدنه وسایل نقلیه به­استثناي واکسها براي فلزات,34053000,169
ـ خمیر، پودر و سایر فرآوردهها براي تمیزکاري,34054000,170
انواع شمع و اشیاي همانند.,34060000,172
ـ ـ ـ فرآوردههاي دندانسازي,34070010,173
ـ ـ ـ سایرخمیر هاي قالب گیري,34070090,174
ـ سربطري، سرپوش، کالهک و سایر درپوشها,39235000,175
ـ ـ ـ ظروف لولهاي )تیوب( جهت کرم و پماد,39239010,176
ـ ـ ـ سایر,39239090,177
ـ ـ ـ ظروف مالمین,39241010,178
ـ ـ ـ سایر,39241090,180
ـ سایر,39249000,181
ـ لوازم براي دفتر کار و مدارس,39261000,183
ـ ـ ـ جهت مصارف پزشكی,39262010,184
ـ یراق آالت براي مبل، براي بدنه وسایل نقلیه یا همانند,39263000,186
ـ مجسمههاي کوچک و سایر اشیاي تزئینی,39264000,187
ـ ـ ـ واشر پلیاتیلن درب شیشه دارو,39269050,188
ـ ـ ـ ـ نوار پالستیكی داراي برآمدگی­هاي قالب مانند  )hook( در یک سطح جهت پوشک,39269092,189
ـ از انواعی که براي موتور سیكلت به کار میرود,40114000,190
ـ از انواعی که براي دوچرخه به کار میرود,40115000,191
ـ از انواعی که براي دوچرخه به کار میرود.,40132000,192
ـ ـ ـ تیوپ موتور سیكلت,40139020,193
مداد پاك کن,40169200,194
--- کیف دستساز,42021110,195
--- سایر,42021190,196
"ـ ـ رختدان، چمدان، چمدان کوچک همچنین کیف بزك، کیف اسناد، کیف مدرسه و محفظه هاي
همانند با سطح خارجی از مواد پالستیكی یا مواد نسجی",42021200,197
ـ ـ سایر,42021900,198
--- شلوار مخصوص موتورسواري داراي محافظ زانو و لگن,42031020,200
--- سایر,42031090,201
--- دستكش با محافظ پشت دست، مخصوص موتورسواران,42032110,202
--- انواع کمربند چرمی دستساز,42033010,203
"ـ ـ ـ مصنوعات چوبی صنایع دستی شامل خراطی، معرق و مشبک، منبت، نازكکاري، نقاشی روي
چوب، خاتم",44191110,205
ـ ـ ـ سایر,44191990,206
ـ ـ ـ سایر,44199090,207
سایر صنایع دستی شامل خراطی، معرق، مشبک،نازك کاري، منبت ، نقاشی روي چوب و خاتم,44201030,208
--- ست لوازم اداري خاتم,44209050,209
--- صنایع دستی شامل خراطی، معرق، مشبک، نازكکاري، منبت، نقاشی روي چوب، خاتم,44211010,210
"به وزن هر متر مربع حداقل 40 گرم و حداکثر 150 گرم بصورت ورق که به حالت تانشده یک ضلع
آن  از 435 میلیمتر و ضلع دیگر آن297 میلیمتر بیشتر نباشد",48025600,211
کاغد از انواعی که به عنوان کاغذ توالت یا دستمال کاغذي، حوله پاك کردن آرایش ، دست پاك کن,48030000,212
ـ دستمال، دستمال پاكکردن آرایش و حوله,48182000,213
ـ رومیزي و دستمال سفره,48183000,214
ـ کارتن، قوطی وجعبه، از کاغذ یا مقواي موجدار,48191000,215
"ـ دفاتر ثبت، دفاتر حسابداري، دفاتر )یادداشت، سفارش، رسید(، دستههاي کاغذ یادآوري، دفاتر
یادداشت روزانه و اشیاي همانند",48201000,216
ـ دفترچه مشق,48202000,217
ـ جلد )غیر از جلد کتاب(، پوشه و جلد پرونده,48203000,218
کتابهاي تصویر نقاشی یا رنگآمیزي، براي کودکان.,49030000,219
"نقشهها و رسمها براي معماري، مهندسی و سایر نقشهها و رسمهاي صنعتی، تجارتی، توپوگرافی یا
همانند که اصل آنها با دست تهیه شده، متون نوشته شده با دست، نسخهبرداري به طریقه عكاسی",49060000,220
ـ عكسبرگردان، شفاف,49081000,221
ـ ـ ـ سایر,50071090,222
ـ ـ ـ کالقهاي )باتیک(,50072010,223
ـ ـ به وزن هر متر مربع حداکثر 300 گرم,51111100,224
ـ ـ به وزن هر متر مربع حداکثر 200 گرم,51121100,225
ـ ـ ساده باف، به وزن هر متر مربع حداکثر 100 گرم,52081100,227
ـ ـ ساده باف، به وزن هر متر مربع بیش از 100 گرم,52081200,228
ـ ـ سه نخ یا چهار نخ جناغی باف، همچنین جناغی مورب باف,52081300,229
ـ ـ سادهباف، به وزن هر متر مربع حداکثر 100 گرم,52084100,232
ـ ـ سادهباف، به وزن هر متر مربع حداکثر 100 گرم,52085100,236
ـ ـ ساده باف، به وزن هر متر مربع بیش از 100 گرم,52085200,237
ـ ـ ساده باف,52091100,239
ـ ـ سه نخ یا چهارنخ جناغیباف، همچنین جناغی مورب باف,52091200,240
ـ ـ ساده باف,52092100,242
ـ ـ سه نخ یا چهارنخ جناغیباف، همچنین جناغی مورب باف,52092200,243
ـ ـ ساده باف,52093100,245
ـ ـ سه نخ یا چهار نخ جناغی باف، همچنین جناغی مورب باف,52093200,246
ـ ـ ساده باف,52094100,248
ـ ـ ساده باف,52095100,252
ـ ـ سه نخ یا چهار نخ جناغیباف، همچنین جناغی مورب باف,52095200,253
ـ ـ ساده باف,52101100,255
ـ ـ ساده باف,52102100,257
ـ ـ ساده باف,52103100,259
ـ ـ سه نخ یا چهار نخ جناغی باف، همچنین جناغی مورب باف,52103200,260
ـ ـ ساده باف,52104100,262
ـ ـ ساده باف,52105100,264
ـ ـ سه نخ یا چهار نخ جناغی باف همچنین جناغی مورب باف,52111200,267
ـ ـ سه نخ یا چهار نخ جناغی باف، همچنین جناغی مورب باف,52113200,269
ـ ـ ساده باف,52114100,271
ـ ـ سه نخ یا چهار نخ جناغی باف، همچنین جناغی مورب باف,52114300,273
ـ ـ ساده باف,52115100,275
ـ ـ سه نخ یا چهار نخ جناغی باف، همچنین جناغی موربباف,52115200,276
ـ ـ از نخهاي به رنگهاي گوناگون,52121400,278
ـ ـ از نخهاي به رنگهاي گوناگون,52122400,279
ـ ـ چاپشده,52122500,280
ـ ـ سفید نشده یا سفیدشده,53091100,281
"ـ ـ ـ از پلیپروپیلن با تراکم تاري از 105 در دسیمتر و تراکم پودي حداقل 64 در دسیمتر به عرض
200 سانتیمتر و بیشتر و وزن حداقل  90 گرم در متر مربع",54072010,285
ـ ـ ـ سایر از پلیپروپیلن,54072020,286
ـ ـیک ال,55101100,288
ـ ـ چندال )تابیده(یا کابله,55101200,289
ـ سایر نخها، که عمدتاً یا منحصراً با پشم یا موي نرم )کرك( حیوان مخلوط شده باشند,55102000,290
ـ سایر نخها,55109000,292
ـ ـ سفیدنشده یا سفید شده,55121100,293
ـ ـ ـ گلیم دورو پشمی,57021040,295
ـ ـ ـ سایر,57021090,296
ـ ـ ـ احرامی )سجاده(,57029110,297
ـ ـ ـ زیلو,57029910,298
ـ ـ ـ سایر,57029990,299
ـ از پشم یا از موي نرم )کرك( حیوان,58011000,300
ـ ـ ـ سایر,58013390,308
ـ ـ سفید نشده,58021100,312
ـ ـ سایر,58021900,313
ـ ـ از الیاف سنتتیک یا مصنوعی,58042100,318
ـ ـ از سایر مواد نسجی,58042900,319
ـ دانتلهاي دستباف,58043000,320
"دیوار کوبهاي دستباف از نوع گوبلن،  فالندر، ابوسن Aubusson(، بووه )Beauvais( و همانند و
دیوار کوبهاي سوزندوزي )مثالً، سوزنزنیریز، سوزن چلیپایی(، حتی دوخته و مهیا.",58050000,321
ـ ـ از الیاف سنتتیک یا مصنوعی,58063200,325
ـ ـ ـ نواربافی ابریشمی دستباف )پنبافی، گارتبافی(,58063910,326
ـ ـ ـ سایر,58063990,327
ـ تار و پودباف,58071000,329
ـ سایر,58079000,330
ـ قیطانبافها به صورت توپ,58081000,331
ـ سایر,58089000,332
ـ گلدوزي و قالبدوزي بدون زمینه نمایان,58101000,334
ـ ـ از الیاف سنتتیک یا مصنوعی,58109200,336
ـ ـ از سایر مواد نسجی,58109900,337
"محصوالت نسجی الیهدوزي شده به صورت توپ، متشكل از یک یا چندالیه ازمواد نسجی که با
الیهگذاري از طریق به هم دوختن یا به نحوي دیگر، غیر از گلدوزي و قالبدوزي مشمول شماره 10",58110000,338
ـ ـ ـ سایر,59021090,339
ـ ـ ـ آغشته شده,59022010,340
ـ ـ از الیاف سنتتیک یا مصنوعی,60012200,343
ـ از الیاف سنتتیک یا مصنوعی,61013000,345
ـ ـ از سایر مواد نسجی,61034900,347
ـ ـ از سایر مواد نسجی,61043900,348
ـ ـ از الیاف مصنوعی,61044400,349
از سایر مواد نسجی )ژاکت، ژاکت ورزشی، دامن شلواري  و...زنانه و دخترانه(,61046900,351
ـ از الیاف سنتتیک یا مصنوعی,61052000,352
ـ از سایر مواد نسجی,61069000,353
ـ ـ از سایر مواد نسجی,61079900,356
ـ ـ از الیاف سنتتیک یا مصنوعی,61089200,358
ـ از سایر مواد نسجی,61099000,360
ـ ـ از پشم,61101100,361
ـ ـ از بز کشمیر,61101200,362
ـ ـ سایر,61101900,363
ـ از الیاف سنتتیک یا مصنوعی,61103000,365
ـ از سایر مواد نسجی,61109000,366
ـ ـ از الیاف سنتتیک,61121200,369
ـ ـ از سایر مواد نسجی,61121900,370
ـ ـ از الیاف سنتتیک,61123100,372
ـ ـ از سایر مواد نسجی,61123900,373
ـ ـ از الیاف سنتتیک,61124100,374
ـ ـ از سایر موادنسجی,61124900,375
ـ از سایر مواد نسجی,61149000,377
ـ ـ ـ جوراب واریس,61151010,378
ـ ـ ـ سایر,61151090,379
ـ ـ از الیاف سنتتیک، اندازهگیري هر تار تک نخ کمتر از 67 دسیتكس,61152100,380
ـ ـ از الیاف سنتتیک، اندازهگیري هر تار تک نخ 67 دسیتكس یا بیشتر,61152200,381
ـ ـ از دیگر مواد منسوج,61152900,382
"ـ سایر جورابآالت زنانه ساق بلند )Full-length( یا سه ربعی )Knee-Length(، اندازهگیري هر
تار تک نخ کمتر از 67 دسیتكس",61153000,383
ـ ـ از پشم یا موي نرم )کرك( حیوان,61159400,384
ـ ـ از الیاف سنتتیک,61159600,386
ـ ـ از سایر مواد نسجی,61159900,387
ـ آغشته، اندوده یا پوشانده شده با مواد پالستیک یا کائوچو:,61161000,388
ـ ـ از پشم یا موي نرم )کرك( حیوان,61169100,389
ـ ـ از الیاف سنتتیک,61169300,391
ـ ـ از سایر مواد نسجی,61169900,392
"ـ شال، اشارپ، دستمال گردن، کاشكول، چادر و روسري، مقنعه و روبند و تور صورت )Veil( و اشیاي
همانند",61171000,393
ـ ـ ـ سایر,62011190,394
ـ ـ ـ کاپشن مخصوص موتور سواري داراي محافظ آرنج و شانه,62011310,395
ـ ـ از سایر مواد نسجی,62019900,396
ـ ـ از الیاف سنتتیک یا مصنوعی )پالتو، نیم پالتو و شنل و...زنانه و دخترانه(,62021300,398
ـ ـ ـ البسه محلی,62021910,399
ـ ـ از الیاف سنتتیک یا مصنوعی,62029300,400
ـ ـ از الیاف سنتتیک)پالتو، نیم پالتو و شنل و ... مردانه و پسرانه(,62031200,401
ـ ـ ـ البسه محلی,62031910,402
ـ ـ از سایر مواد نسجی,62032900,404
ـ ـ از سایر مواد نسجی,62033900,405
ـ ـ ـ البسه محلی,62041910,408
ـ ـ از سایر مواد نسجی,62042900,409
ـ ـ از سایر مواد نسجی,62045900,410
ـ ـ از الیاف سنتتیک,62046300,411
ـ از الیاف سنتتیک یا مصنوعی)پیراهن مردانه و پسرانه(,62053000,413
ـ از سایر مواد نسجی,62059000,414
ـ از پشم یا موي نرم )کرك(حیوان,62062000,415
ـ از الیاف سنتتیک یا مصنوعی,62064000,417
ـ از سایر مواد نسجی )پیراهن، شومیز، بلوز دخترانه و زنانه(,62069000,418
ـ ـ از الیاف سنتتیک یا مصنوعی )پالتو، نیم پالتو و شنل زنانه و دخترانه و...(,62081100,426
ـ از الیاف سنتتیک,62093000,435
ـ ـ مردانه یا پسرانه )گرمكن ورزشی و ... (,62111100,437
ـ ـ زنانه یا دخترانه )گرمكن ورزشی و ... (,62111200,438
ـ پستانبند و سینهبند,62121000,440
ـ گن و گن تنكهاي )Girdle(,62122000,441
ـ کرست گن,62123000,442
ـ سایر,62129000,443
ـ از ابریشم یا از آخال ابریشم,62141000,444
ـ از پشم یا موي نرم )کرك( حیوان,62142000,445
ـ از الیاف سنتتیک,62143000,446
ـ از الیاف مصنوعی,62144000,447
ـ از سایر مواد نسجی,62149000,448
دستكش، دستكش یک انگشتی و نیم دستكش.,62160000,449
ـ اجزاء,62179000,450
ـ ـ از سایر مواد نسجی,63023900,452
--- رودوزيهاي سنتی,63041110,454
--- انواع رومیزي با رودوزيهاي سنتی,63049910,455
چادر مسافرتی و کوهنوردي,63061900,456
چادر ماشین سواري,63062900,457
ـ ـ ـ زیورآالت و اشیاي تزئینی از نمد,63079020,459
ـ ـ ـ پوتین مخصوص موتورسواري,64031920,469
ـ ـ ـ سایر,64041190,474
ـ ـ سایر,64041900,475
ـ ـ ـ سایر,64052090,477
--- کاله ایمنی موتورسواران یا دوچرخه­سواران,65061080,479
ـ ـ ـ سایر,65061090,480
ـ ـ از کائوچو یا از مادة پالستیک,65069100,481
نوار داخلی، آستر، روپوش، اسكلت کاله، آفتابگیر و بند زیر چانه، براي کاله.,65070000,482
عصاي کوهنوردي,66020000,483
ـ از مواد پالستیكی,67021000,484
ـ از سایر مواد,67029000,485
ـ ـ کاله گیس کامل,67041100,486
ـ ـ سایر,67041900,487
ـ از موي انسان,67042000,488
ـ از سایر مواد,67049000,489
ـ ـ ـ مصنوعات سنگی رومیزي نقشدار و حكاکی شده,68159920,490
ـ ـ ـ مصنوعات سنگی تراشخورده مورداستفاده در معماري,68159930,491
ـ از چینی,69101000,492
ـ سایر,69109000,493
ـ سایر,69119000,495
ـ ـ ـ سفال لوکس )Earth ware(,69120010,496
ـ از چینی,69131000,497
ـ ـ ـ از سرامیک صنایع دستی,69139010,498
ـ ـ ـ از سفال صنایع دستی,69139020,499
ـ ـ ـ سایر,69139090,500
ـ از چینی,69141000,501
ـ سفالینههاي شیشهاي )Glass-ceramics(,70131000,502
ـ ـ ـ ساخته شده به صورت دستی با کلیشه یا به­گونهاي دیگر تزئین شده,70132210,503
ـ ـ ـ ساخته شده به صورت ماشینی با کلیشه یا به­گونهاي دیگر تزئین شده,70132220,504
ـ ـ از کریستال سربدار,70133300,505
ـ ـ ـ ساخته شده به صورت ماشینی )ظروف شیشه اي(,70134190,506
ـ ـ ـ اوپال,70134210,507
ـ ـ ـ سایر,70134290,508
ـ ـ ـ اوپال,70134910,509
ـ ـ ـ سایر,70134990,510
ـ ـ ـ ساخته شده به­صورت ماشینی,70139190,511
ـ ـ ـ سایر )ظروف شیشه اي- ماشینی(,70139990,512
ـ شیشههاي عینک طبی,70151000,513
ـ ـ ـ منجوقهاي شیشهاي تراش خورده و به صورت مكانیكی پولیش شده,70181010,514
ـ ـ ـ سایر منجوقهاي شیشهاي,70181020,515
ـ ـ ـ مرواریدهاي بدلی,70181030,516
ـ ـ رشتههاي  بریده  شده )CHOPPED STRANDS( که در ازاي آنها از 50 میلیمتر بیشتر نباشد,70191100,517
ـ ـ ـ به صورت رشتهاي )تار(,70191910,519
ـ ـ ـ به صورت الیاف STAPLE,70191990,520
ـ ـ ـ ملیلهکاري، صنایع دستی,71141120,521
ـ سایر زیورآالت بدلی نگین دار,71179000,522
ـ سنجاق قفلی و سایر سنجاقها,73194000,523
ـ ـ ـ سوزن گلدوزي، رفوگري یا گلدوزي و قالبدوزي,73199010,524
ـ ـ ـ سایر,73199090,525
اجاق رومیزي,73211120,526
ـ ـ ـ سر شعله اجاق گاز، همچنین اجزا و قطعات آن,73219010,527
ـ ـ ـ بخاري درجا مخصوص وسایل نقلیه,73229020,529
"ـ پشم آهن یا فوالد؛ اسفنج، قابدستمال، دستكش و اشیاي همانند براي پاكکردن ظروف، صیقلی
کردن یا مصارف همانند",73231000,530
ـ ـ ـ قلمزنی، صنایع دستی,74181010,532
ـ ـ ـ فیروزهکوب، صنایع دستی,74181020,533
ـ ـ ـ میناکاري شده، صنایع دستی,74181030,534
سایر؛ اجزاء و قطعات,74181090,535
ـ لوازم بهداشتی یا پاکیزگی و اجزاء و قطعات آنها,74182000,536
ـ زنجیر و اجزاء و قطعات آن,74191000,537
"ـ ـ ریختهگريشده، قالبریزي شده، پرسشده یا آهنگريشده، لیكن کار بیشتر روي آن انجام نشده
باشد",74199100,538
ـ ـ ـ قلمزنی، صنایع دستی,74199910,539
ـ ـ ـ فیروزهکوب، صنایع دستی,74199920,540
ـ ـ ـ میناکاري شده، صنایع دستی,74199930,541
ـ ـ ـ صنایع دستی از ورشو,74199940,542
ـ ـ ـ سایر,74199990,543
ـ ـ ـ سایر,76151090,544
ـ  لوازم بهداشتی یا پاکیزگی و اجزاء و قطعات آنها,76152000,545
ـ بیل و بیلچه,82011000,546
ـ کلنگ به هر شكل، کج بیل، کج بیل باغبانی، شنکش، گل تراش,82013000,547
قیچی باغبانی که با یک دست کار میکند,82015010,550
سایر,82015090,551
اره دستی ویژه هرس,82021010,555
ـ اره دستی,82021090,556
ـ تیغه اره نواري,82022000,557
ـ ـ داراي قسمت عامل از فوالد,82023100,558
ـ ـ سایر، به انضمام اجزاء و قطعات,82023900,559
ـ تیغه اره زنجیري,82024000,560
ـ ـتیغه ارههاي مستقیم براي کارکردن روي فلزات,82029100,561
ـ ـ سایر,82029900,562
--- مجموعه آچار قفل بازکن,82041110,567
--- سایر,82041190,568
ـ ـ داراي دندانه متغیر,82041200,569
ـ آچاربكس، حتی داراي دسته,82042000,570
ـ چكش و پتک,82052000,572
ـ ـ ـ سایر,82054090,575
ـ ـ براي مصارف خانهداري,82055100,576
ـ ـ سایر,82055900,577
ـ چراغ لحیمکاري و همانند,82056000,578
ـ گیره، قید و همانند,82057000,579
ـ سایر، شامل محموعهاي از اشیاء دو یا چند شماره فرعی از این ردیف,82059000,580
ـ ـ داراي قسمت عامل از سرمتها,82071300,582
--- حدیده کشش مفتول به صورت خام )نیمهساخته یا کارنشده(.,82072010,584
ـ ـ ـ سایر,82072090,585
ـ ـ ـ به قطر 5/1 میلیمتر و کمتر,82075010,588
ـ ـ ـ سایر,82075090,589
ـ براي کار روي فلزات,82081000,594
ـ براي کار روي چوب,82082000,595
ـ براي ماشینهاي کشاورزي، باغبانی و گلكاري یا جنگلداري,82084000,597
ـ سایر,82089000,598
"وسایل مكانیكی دستی، به وزن 10 کیلوگرم یا کمتر، براي تهیه کردن، آمادهکردن یا سروکردن غذا یا
نوشابه.",82100000,600
کارد سرمیز با تیغه ثابت,82119100,601
ـ ـ ـ صنایع دستی,82119210,602
ـ ـ ـ سایر )کارد و چاقو با تیغه هاي برنده و ...(,82119290,603
ـ ـ ـ صنایع دستی,82119310,604
ـ ـ ـ سایر,82119390,605
ـ ـ تیغهها,82119400,606
ـ ـ دسته از فلزات معمولی,82119500,607
ـ خودتراش,82121000,608
ـ تیغههاي خودتراش ایمنی، همچنین تیغههاي  خودتراش تكمیل شده به شكل نوار,82122000,609
ـ ـ ـ تیغ دولبه بدون دسته,82129010,610
ـ ـ ـ سایر,82129090,611
قیچی، قیچی خیاطی و قیچیهاي همانند و تیغههاي آنها.,82130000,612
ـ ـ ـ مدادتراش و تیغه آن,82141010,613
ـ ـ ـ سایر,82141090,614
ـ سایر,82149000,616
سایر اشیا جور شده )قاشق ، چنگال، مالقه و...(,82152000,617
قفل آویز,83011000,618
قاب عكس، قاب عكس,83063000,619
سایر  )سایر اجزا و قطعات از قبیل چفت و بست و .....(,83089000,620
کولر اسپیلت,84151010,621
سایر کولرها,84151090,622
اجزا و قطعات کولر,84159010,623
ـ ـ ـ پكیچ دومنظوره )آبگرم بهداشتی و گرمایشی(,84191110,624
ـ ـ ـ سایر,84191190,625
"ـ ـ براي تهیه کردن نوشیدنیهاي گرم یا براي پختن و یا گرم کردن
غذا",84198100,626
با توزین حداکثر 30 کیلوگرم,84238100,630
پاشنده هاي قابل حمل مورد استفاده در کشاورزي و باغبانی,84244100,632
دریل از هر نوع,84672100,635
اره ها,84672200,636
اره زنجیري,84678100,638
ـ ـ ـ ماشینهاي خودکار دادهپردازي شخصی )PC( به صورت کامل,84713010,640
ـ ـ ـ ماشینهاي خودکار دادهپردازي شخصی )PC( کیفی )Note Book(,84713020,641
ـ ـ ـ ماشین خودکار دادهپردازي بریل گویا ویژه نابینایان,84713030,642
ـ ـ ـ سایر,84713090,644
ـ ـ ـ ماشینهاي خودکار دادهپردازي شخصی )PC( بهصورت کامل,84714110,645
ـ ـ ـ ماشینهاي خودکار دادهپردازي  بریل گویا ویژه نابینایان,84714120,646
ـ ـ ـ سایر,84714190,647
ـ ـ ـ ماشین خودکار داده پردازي شخصی )PC( به صورت کامل,84714910,648
ـ ـ ـ ماشین خودکار داده پردازي بریل گویا ویژه نابینایان,84714920,649
ـ ـ ـ سایر,84714990,651
ـ ـ ـ سایر,84715090,654
ـ ـ ـ صفحه کلید,84716010,655
ـ ـ ـ موشواره,84716020,656
ـ ـ ـ نمایشگر لمسی بریل ویژه نابینایان,84716030,657
ـ ـ ـ سایر,84716090,658
--- دیسکخوان نوري,84717010,659
--- سایر,84717090,660
ـ ـ ـ انواع بردها شامل برد اصلی )Mainboard(، گرافیک، صدا و ویدئو,84718010,661
ـ ـ ـ سایر) انواع برد(,84733090,670
ـ ـ ـ مربوط به خودروهاي سواري و وانت,84841010,681
ـ ـ ـ مربوط به خودروهاي اتوبوس، مینیبوس، کامیون و کامیونت، ماشینآالت راهسازي و کشاورزي,84841020,682
ـ ـ ـ شارژر باتري,85044020,683
قوه هاي استوانه اي,85061010,685
ـ ـ ـ قوه نیم قلمی )AAA/LR03/AM‏4(,85061020,686
ـ ـ ـ قوههاي دکمهاي )Round Cell(,85061030,687
ـ ـ ـ سایر,85061090,688
"--- قوههاي استوانهاي شكل به سایزهاي قلمی )AA/R6/UM‏3(، متوسط )C/R14/UM‏2( و بزرگ
)D/R 20/UM‏1(",85063010,689
ـ ـ ـ قوه نیم قلمی )AAA/LR03/AM‏4(,85063020,690
ـ ـ ـ قوههاي دکمهاي )Round Cell(,85063030,691
ـ ـ ـ سایر,85063090,692
"--- قوههاي استوانهاي شكل به سایزهاي قلمی )AA/R6/UM‏3(، متوسط )C/R14/UM‏2( و بزرگ
)D/R 20/UM‏1(",85064010,693
ـ ـ ـ قوههاي نیم قلمی )AAA/LRO3/AM‏4(,85064020,694
ـ ـ ـ قوههاي دکمهاي )Round Cell(,85064030,695
ـ ـ ـ سایر قوه ها,85064090,696
"ـ ـ ـ قوههاي استوانهاي شكل به سایزهاي قلمی )AA/R6/UM‏3(، متوسط )C/R14/UM‏2( و بزرگ
)D/R 20/UM‏1(",85065010,697
ـ ـ ـ قوههاي نیم قلمی )AAA/LRO3/AM‏4(,85065020,698
ـ ـ ـ قوههاي دکمهاي )Round Cell(,85065030,699
ـ ـ ـ سایر,85065090,700
"--- قوههاي استوانهاي شكل در سایزهاي قلمی )AA/R6/UM‏3(، متوسط )C/R14/UM‏2( و بزرگ
)D/R 20/UM‏1(",85066010,701
ـ ـ ـ قوههاي نیم قلمی )AAA/LRO3/AM‏4(,85066020,702
ـ ـ ـ قوههاي دکمهاي )Round Cell(,85066030,703
ـ ـ ـ سایر قوه ها,85066090,704
"--- قوههاي استوانهاي شكل در سایزهاي قلمی )AA/R6/UM‏3(، متوسط )C/R14/UM‏2( و بزرگ
)D/R 20/UM‏1(",85068010,705
ـ ـ ـ قوههاي نیم قلمی )AAA/LRO3/AM‏4(,85068020,706
ـ ـ ـ قوههاي دکمهاي )Round Cell(,85068030,707
ـ ـ با قدرت حداکثر 1500 وات و داراي یک کیسه خاکروبه  یا . . .,85081100,708
ـ سایر جاروهاي مكنده,85081900,709
ـ ـ ـ سایر,85098090,712
ـ اجزاء و قطعات,85099000,713
ـ ریش تراش,85101000,714
ـ ـ ـ سایر,85102090,716
ـ اجزاء و قطعات,85109000,718
ـ ـ هویهها و تپانچههاي لحیمکاري,85151100,720
ـ ـ ـ ماشین لحیمکاري به روش غوطهوري )حوضچه قلع(,85151910,721
ـ ـ مو خشککن,85163100,724
ـ فر )Oven( میكروویو,85165000,728
ـ ـ سایر,85167900,731
ـ ـ ـ مقاومت گرم کننده الكتریكی فندك خودرو,85168010,732
ـ ـ ـ مودم حتی با قابلیت روتر و access point,85176220,741
"ـ ـ ـ سوئیچ شبكه، روتر شبكه، هاب شبكه، هاب سوئیچ شبكه، فایروال شبكه، مالتی پلكسر، شبكه،
بیرأس )Brass( شبكه، اکسس پوینت )Access Point( شبكه، دي اس لم )DSlam( شبكه،",85176230,742
--- کارت شبكه حتی بیسیم,85176240,743
ـ ـ ـ پیجر,85176910,745
ـ ـ ـ دربازکن تصویري )Video door Phone(,85176920,746
ـ ـ ـ دربازکن غیرتصویري,85176930,747
ـ ـ ـ سایر,85176990,750
ـ ـ ـ ماژول نمایشگر LED ،LCD یا پالسما حتی داراي برد آدرس دهی,85177010,751
ـ ـ ـ سایر,85177090,752
--- سایر,85181090,753
ـ ـ تک بلندگو، تعبیه شده در محفظه آن,85182100,754
ـ ـ چند بلندگو، تعبیه شده در یک محفظه,85182200,755
ـ ـ ـ انواع بلندگوي خودرو,85182910,756
ـ ـ ـ مجموعه سینماي خانوادگی,85182920,757
ـ ـ ـ سایر,85182990,759
--- هدفون و گوشی حتی توام شده با یک میكروفن,85183010,760
--- مجموعه هاي متشكل از یک میكروفن و یک یا چند بلندگو,85183090,761
ـ ـ ـ انواع محفظه براي بلندگو,85189010,764
ـ ـ ـ سایر,85189090,765
-- با استفاده از رسانههاي مغناطیسی، نوري یا نیمهرسانا,85198100,767
ـ ـ سایر,85198900,768
ـ از نوع نوار مغناطیسی,85211000,769
ـ ـ ـ نمایشگر توام شده با پخش ویدئو و ....,85219010,771
--- سایر,85219090,772
ـ کارتریجهاي پیكاپ )Cartridges pick-up(,85221000,773
ـ سایر,85229000,774
ـ ـ ـ دوربین مدار بسته )براي مراقبت یا براي نظارت عبور و مرور )traffic( بدون ادوات سنجش,85258010,775
--- دوربینهاي پرنده )پرندههاي بدون سرنشین دوربیندار(,85258030,776
--- سایر,85269290,780
ـ ـ رادیو پخشهاي جیبی )Pocket-size(,85271200,781
ـ المپ موسوم به چراغ سربسته  )Sealed beam lamp unit(,85391000,784
ـ ـ هالوژن تنگستن,85392100,785
ـ ـ ـ المپ حبابی رشتهاي تا 40 وات,85392220,786
ـ ـ ـ المپ حبابی رشتهاي مونتاژ شده بدون کالهک )سرپیچ(,85392230,787
ـ ـ ـ المپ حبابی رشتهاي 200 وات به باال,85392920,788
ـ ـ ـ المپ حبابی رشتهاي مونتاژ شده بدون کالهک )سرپیچ(,85392930,789
ـ ـ ـ المپ خودرو,85392940,790
ـ ـ ـ سایر,85392990,791
ـ ـ ـ فلورسنت روشنایی خطی دو کالهک به قطر بیرونی تیوپ 26 میلیمتر)T‏8(,85393110,792
ـ ـ ـ المپ کم مصرف )Compact(,85393120,793
ـ ـ ـ المپ کممصرف بدون باالست,85393140,794
ـ ـ ـ فلورسنت روشنایی خطی دو کالهک به قطربیرونی تیوپ 16 میلیمتر )T‏5(و کمتر,85393150,795
"ـ ـ ـ فلورسنت روشنایی خطی دو کالهک به قطربیرونی تیوپ 38 میلیمتر )T‏12( و قطر بیرونی
تیوپ 32 میلی متر )T‏10(",85393160,796
ـ ـ ـ سایر,85393190,797
ـ ـ ـ المپ بخار جیوه، سدیم، المپ هالوژنه فلزي بدون کالهک )سرپیچ(,85393240,798
ـ ـ ـ سایر,85393290,799
ـ ـ سایر,85393900,800
ـ ـ المپهاي قوس الكتریكی,85394100,801
ـ ـ سایر,85394900,802
ـ المپ­هاي ساخته شده از دیودهاي ساطع - نور   )LED(,85395000,803
--- مجموعه متشكل از درایو یا باالست، بدنه و کانكتور,85399010,804
--- تیوپ وایر اوت المپ کم مصرف,85399020,805
--- سایراجزا و قطعات المپ LED,85399030,806
--- سایر,85399090,807
ـ ـ رنگی,85401100,808
دوچرخه و سایر چرخهاي پایی )از جمله سهچرخههاي حمل و نقل کاال( بدون موتور.,87120000,811
سایر )صندلی چرخدار معلولین(,87139000,812
کالسكههاي بچه و اجزاء و قطعات آنها.,87150000,813
ـ ـ قاب عینک از مواد پالستیكی,90031100,815
ـ ـ قاب عینک از مواد پالستیكی,90031100,814
ـ ـ از سایر مواد,90031900,816
ـ اجزاء و قطعات,90039000,817
عینک آفتابی,90041000,819
ـ عینک آفتابی,90041000,818
ـ سایر,90049000,820
ـ دوربین عكاسی با ظهور و چاپ فوري,90064000,821
ـ ـ سایر، براي عكاسی با فیلمهاي به صورت رول با پهناي کمتر از 35 میلیمتر,90065200,823
ـ ـ سایر، براي عكاسی با فیلمهاي به صورت رول با پهناي 35 میلیمتر,90065300,824
ـ ـ سایر,90065900,825
ـ ـ سایر,90066900,827
ـ ـ براي دوربین عكاسی,90069100,828
ـ ـ سایر,90069900,829
ـ دوربین­ها,90071000,830
ـ پروژکتورها,90072000,831
ـ ـ براي دوربین,90079100,832
ـ ـ براي پروژکتور,90079200,833
ـ پرژکتورها، بزرگ­کنندهها وکوچک­کنندهها,90085000,834
ـ اجزاء و قطعات و متفرعات,90089000,835
ـ میكروسكوپ استریوسكوپی,90111000,836
- سایر میكروسكوپها، براي فتومیكروگرافی، سینوفتومیكروگرافی یا براي میكروپروژکسیون,90112000,837
ـ سایر میكروسكوپها,90118000,838
ـ اجزاء و قطعات و متفرعات,90119000,839
ـ میكروسكوپها غیر از میكروسكوپهاي اپتیكی؛ دیفراکتوگرافها,90121000,840
ـ قطب نماهاي جهتیاب,90141000,841
ـ اجزاء و قطعات و متفرعات,90149000,843
ـ ـ ـ فاصله­یاب لیزري,90151010,844
ـ ـ ـ سایر,90151090,845
ـ ـ ـ تراز لیزري,90152010,846
ـ ـ ـ سایر,90152090,847
--- سهپایه دوربین نقشهبرداري,90159010,848
ـ ـ ـ ترازو با حساسیت 5 سانتیگرم و یا کمتر با یا بدون وزنه,90160010,849
از جنس پالستیک )آالت رسامی و ...(,90172010,851
ـ سایر آالت رسامی، خط کشی یا محاسبه ریاضی از جنس پالستیک,90172010,850
سایر,90172090,852
ـ میكرومتر، اندازهگیر قطر و اندازهگیر ظرفیت,90173000,853
--- متر لیزري,90178010,854
ترمومتر )تب سنج پزشكی(,90251110,855
تراز بنایی,90318010,856
ـ ـ فقط با نمایشگر مكانیكی,91021100,857
ـ ـ فقط با نمایشگر اوپتوالكترونیكی,91021200,858
ـ ـ سایر,91021900,859
ـ ـ با کوك خودکار,91022100,860
ـ ـ سایر,91022900,861
ـ ـ که با برق کار میکنند,91029100,862
ـ ـ سایر,91029900,863
ـ که با برق کار میکنند,91031000,864
ـ سایر,91039000,865
ـ ـ که با نیروي برق کار میکنند,91051100,866
ـ ـ سایر,91051900,867
ـ ـکه با نیروي برق کار میکنند,91052100,868
ـ ـ سایر )ساعت هاي دیواري(,91052900,869
ـ ـ که با نیروي برق کار میکنند,91059100,870
ـ ـ سایر,91059900,871
ـ ـ ـ زمانسنج عملیات زنگدار,91069010,872
ـ ـ ـ سایر,91069090,873
ـ که با آرشه نواخته میشوند,92021000,875
ـ آالت بادي ـ برنجی,92051000,876
آالت شستی دار,92071000,877
ـ سایر,92089000,879
ـ سیم و زه آالت موسیقی,92093000,880
ـ ـ اجزاء و قطعات و متفرعات پیانو,92099100,881
ـ ـ اجزاء و قطعات و متفرعات براي آالت موسیقی مشمول شماره 02  92,92099200,882
ـ ـ اجزاء و قطعات و متفرعات براي آالت موسیقی مشمول شماره 07  92,92099400,883
ـ ـ سایر,92099900,884
کیسه خواب,94043000,885
چراغهایی که فقط براي به کار گرفتن با دیودهاي نورافشان )LED( ساخته شده اند,94051010,887
--- چراغهایی که فقط جهت  به کار گرفتن با دیودهاي نور افشان)LED( ساخته شده­اند.,94051010,886
--- سایر,94051090,888
--- سایر,94052090,889
---- سایر,95030019,891
--- انواع عروسک,95030020,892
--- انواع پازل,95030030,893
--- پرندههاي اسباببازي با برد حداکثر 100 متر و توان 5 دقیقه پرواز با دوربین یا بدون آن,95030040,894
--- سایر,95030080,895
--- اجزاء و قطعات,95030090,896
ـ ـ ـ میز بیلیارد حتی به همراه اشیاء و متفرعات استاندارد مربوطه,95042010,897
=--- سایر دسته بازي,95045090,899
ـ ـ ـ میز اسنوکر حتی به همراه اشیاء و متفرعات استاندارد مربوطه,95049010,900
ـ ـ ـ ادوات براي بازي بولینگ,95049020,901
ـ اشیاء براي جشنهاي کریسمس,95051000,902
ـ سایر اشیاء,95059000,903
ـ ـ اسكی,95061100,904
ـ ـ لوازم بستن اسكی )بند اسكی(,95061200,905
ـ ـ ـ چوب دستی اسكی,95061910,906
ـ ـ ـ سایر ادوات,95061990,907
ـ ـ تخته شناور شراعی,95062100,908
ـ ـ سایر,95062900,909
ـ ـ چوگان،کامل,95063100,910
ـ ـ ـ توپ گلف,95063210,911
ـ ـ ـ سایر راکت ها,95063290,912
ـ ـ سایر توپها,95063900,913
ـ ـ ـ راکت,95064010,914
ـ ـ ـ توپ تنیس روي میز,95064020,915
ـ ـ ـ سایر اشیائ,95064090,916
ـ ـ راکت تنیس، حتی زهدار,95065100,917
ـ ـ ـ راکت بدمینتون,95065910,918
ـ ـ ـ سایر,95065990,919
ـ ـ توپ تنیس روي چمن,95066100,920
ـ ـ ـ توپ فوتبال، بسكتبال، والیبال، هندبال,95066210,921
ـ ـ ـ توپ مخصوص نابینایان,95066220,922
ـ ـ ـ سایر اشیاء مخصوص ورزش نابینایان,95066290,923
ـ ـ ـ توپ تنیس به استثناي تنیس روي چمن و روي میز,95066910,924
ـ ـ ـ توپ اسكواش و هاکی,95066920,925
ـ ـ ـ گوي )توپ( رنگی مخصوص ورزش پینتبال,95066930,926
ـ ـ ـ توپ سپک تاکرا,95066940,927
ـ ـ ـ سایر توپ مخصوص ورزش نابینایان,95066990,928
ـ ـ ـ سایر,95069190,931
ـ ـ ـ چوب هاکی,95069910,932
ـ ـ ـ توپپردار بدمینتون اعم از طبیعی یا مصنوعی,95069920,933
ـ ـ ـ تخته برف سواري,95069930,934
ـ ـ ـ سایر,95069990,935
ـ سایر,95079000,939
مسواك دندان و همچنین مسواك دندان عاریه,96032100,940
ـ ـ ـ سایر) بروس و قلم مو براي نقاشی کردن و ...(,96034090,941
ـ دگمه قابلمه، دگمه فشاري و دگمه سردست فشاري و اجزاء و قطعات آنها,96061000,942
ـ ـ ـ روان نویس,96081020,943
مداد هاي خودکار یا نوکی,96084000,944
ـ ـ مجموعه هایی از اشیاي مشمول دو یا چند شماره فرعی پیش گفته,96085000,945
مغزي مداد اتود )سیاه یا رنگی(,96092010,946
فالسک,96170000,947
پوشک بزرگسال,96190010,948
ـ ـ پوشک بچه,96190020,949
سایر )حوله هاي بهداشتی و ...(,96190090,950
