name,tariff_code,index
ـ مارچوبه,7092000,1
ـ ـ ـ لوبیا چیتی,7133310,2
ـ ـ ـ لوبیا قرمز,7133320,3
ـ ـ ـ سایر )عدس (,7134090,4
ـ ـ سایر )روغن ذرت و اجزاي آن(,15152900,17
ـ سبزیجات هموژنیزه,20051000,46
ـ ـ لوبیا به صورت دانه,20055100,48
ـ مارچوبه,20056000,50
ـ ذرت شیرین Zea mays( نوع )Saccharata,20058000,51
ـ مخلوطهاي آبمیوه و سبزیجات,20099000,68
"ـ ـ با وسیله میزان کردن دید از میان عدسی شیئی )انعكاس تک لنزي(، براي عكاسی با فیلمهاي به
صورت رول با پهناي حداکثر 35 میلیمتر",90065100,822
